payment_id,date_id,loan_id,customer_id,payment_amount,payment_status
84307,563,490,59,965369.62,Pending
54640,1047,194,6,145469.34,Completed
30323,573,7,17,250732.59,Failed
72577,967,458,29,799971.11,Completed
90600,667,110,46,795658.05,Failed
57136,162,274,24,584779.03,Overdue
32276,191,114,77,505635.14,Failed
29039,415,338,88,226366.95,Overdue
40281,54,36,72,363188.99,Pending
49587,667,239,44,749571.32,Pending
31801,724,67,13,410439.79,Pending
25729,41,291,57,301766.92,Failed
79911,42,145,15,828205.68,Failed
66023,458,378,40,639878.38,Failed
53425,628,180,56,449326.17,Completed
11467,8,326,89,764649.94,Pending
97738,434,219,68,227475.00,Overdue
86751,753,245,69,619649.42,Pending
44195,573,90,82,466916.78,Pending
77965,904,155,77,395648.83,Pending
80106,710,313,39,848168.77,Failed
41703,762,293,72,128194.20,Pending
71009,808,68,13,396441.31,Pending
30019,90,139,24,764098.32,Pending
2589,1090,236,34,39319.66,Completed
15757,26,378,93,969293.05,Overdue
83566,732,390,97,553664.72,Pending
97696,494,494,52,450708.97,Failed
81119,1059,64,67,346900.83,Completed
80248,242,263,17,998507.85,Overdue
73569,86,287,90,817060.50,Failed
20942,1081,265,18,662319.63,Completed
51553,749,378,58,280087.51,Pending
1278,100,70,94,559232.54,Overdue
14197,979,55,92,999649.32,Pending
60117,465,446,87,265411.40,Pending
40455,820,100,43,357461.60,Completed
71300,734,489,98,494069.79,Completed
74267,895,114,72,922379.17,Pending
17221,167,444,62,902376.31,Pending
81202,505,3,83,436001.88,Pending
47095,685,39,90,626105.69,Overdue
32245,1001,390,7,420961.66,Overdue
6792,79,437,16,672575.89,Completed
74257,973,426,77,479974.57,Completed
91175,100,173,51,31041.87,Pending
70787,54,205,9,602662.61,Completed
49635,601,26,46,772702.68,Pending
96451,905,257,91,629843.32,Completed
64745,384,146,4,551048.29,Completed
74640,998,310,32,381833.51,Pending
78774,385,51,99,571895.08,Pending
32583,438,56,22,894793.25,Pending
43456,899,418,56,50570.90,Pending
41633,32,89,15,136971.28,Completed
92377,1019,54,27,964128.47,Overdue
86797,201,41,34,606078.04,Failed
84355,452,101,50,933161.94,Pending
64172,910,500,70,430681.22,Overdue
50306,138,389,19,148996.82,Failed
79692,538,336,48,156963.97,Completed
64721,364,10,66,707066.61,Overdue
59711,960,482,55,287454.84,Overdue
77950,452,118,41,38627.82,Failed
57897,894,71,36,115403.29,Overdue
10693,778,419,88,316543.51,Completed
24009,573,115,53,572055.09,Overdue
30769,152,134,98,34659.04,Pending
53264,48,390,90,617704.23,Completed
88457,54,416,5,864942.66,Pending
74299,689,218,89,782813.20,Completed
78998,1072,201,94,174608.42,Overdue
53531,911,78,80,608813.59,Failed
38170,565,366,32,841343.07,Completed
3913,768,146,89,925964.24,Failed
96213,478,215,69,478094.98,Pending
78236,1057,321,90,115848.04,Overdue
6376,136,365,33,581916.86,Pending
22632,553,134,99,608124.51,Completed
95601,860,73,12,707185.92,Pending
95473,457,61,63,824324.74,Completed
94898,895,87,59,137170.52,Failed
12484,972,274,87,668954.89,Completed
90886,995,444,7,810999.99,Overdue
75589,380,420,16,64539.23,Overdue
60804,448,405,64,52136.86,Failed
69159,500,285,3,276385.61,Failed
35268,606,396,61,567514.32,Completed
74371,528,327,70,979941.96,Completed
6004,509,310,20,471467.13,Pending
16745,208,131,19,844484.41,Overdue
79714,607,113,62,927292.82,Failed
1367,92,29,85,437812.09,Overdue
94402,532,425,10,859477.39,Overdue
87020,251,166,62,844804.51,Failed
45567,219,324,19,405160.50,Overdue
43512,175,439,84,576611.24,Overdue
30454,845,143,51,158977.65,Overdue
34384,956,306,5,622331.18,Completed
70126,397,222,2,911620.38,Pending
82066,679,143,99,215335.38,Completed
35199,733,492,89,546583.93,Failed
60722,851,50,91,172499.23,Failed
38327,538,227,58,10936.82,Failed
21491,945,34,100,325315.57,Failed
76399,1045,98,46,299421.20,Pending
18962,545,156,95,715840.40,Completed
91287,1025,314,6,881697.74,Completed
35101,960,404,49,928150.58,Overdue
70481,490,123,14,505717.31,Overdue
5511,12,18,41,640905.44,Completed
65335,311,331,31,601725.26,Failed
76346,344,337,59,239043.33,Overdue
28542,842,74,6,38715.71,Pending
82518,298,315,90,394316.86,Pending
66633,863,113,70,198854.38,Completed
44816,760,18,92,873151.55,Pending
57530,146,151,70,317408.37,Failed
60700,466,357,94,748111.06,Overdue
69760,777,328,28,733767.00,Failed
85125,362,38,23,599768.26,Completed
93834,741,352,79,181230.78,Completed
87609,1070,291,76,715932.33,Failed
91603,915,107,12,776343.96,Overdue
58350,597,237,17,639876.76,Failed
68264,1076,377,11,647356.13,Completed
43295,491,423,86,908349.21,Overdue
19712,231,447,89,785711.40,Overdue
44654,848,285,3,695824.44,Failed
53406,370,311,96,605240.05,Pending
46006,664,93,57,909908.50,Overdue
84810,378,468,59,839861.04,Overdue
69481,856,152,23,333389.78,Pending
56823,212,361,99,973543.82,Completed
27940,528,316,20,408257.04,Failed
61162,360,427,72,481830.41,Failed
27866,1030,302,30,529660.56,Completed
82857,1002,331,87,255325.62,Completed
61006,76,262,4,401687.25,Pending
97257,125,48,1,437973.70,Pending
53406,14,428,47,476269.78,Overdue
27939,59,286,52,396265.13,Completed
48649,1055,164,19,333392.87,Overdue
57458,859,480,39,109172.04,Overdue
20388,993,83,56,425484.91,Pending
33166,316,40,15,12191.59,Completed
18768,636,424,58,26917.44,Pending
31213,11,110,56,624849.84,Completed
44306,548,11,92,881065.45,Failed
63551,1051,324,87,598738.74,Completed
14695,1028,118,32,381571.74,Completed
10211,1008,353,53,599279.97,Pending
14420,689,4,4,952110.14,Failed
15361,741,149,34,257034.67,Pending
75009,615,438,45,257163.98,Pending
82677,798,245,13,212641.01,Failed
60779,694,173,8,651812.73,Pending
21476,823,331,24,179152.31,Failed
12251,444,326,59,352063.60,Overdue
97890,723,192,99,228269.93,Pending
53458,713,27,43,906796.13,Overdue
74476,717,214,92,888514.56,Pending
34457,246,37,16,7075.47,Pending
27640,849,185,27,380336.37,Failed
55202,791,274,11,177900.48,Failed
93121,591,156,15,749378.09,Failed
83729,927,145,88,781215.97,Pending
62435,51,435,98,309839.30,Pending
95099,775,17,11,396653.16,Failed
21507,286,331,29,584945.07,Completed
90061,261,317,78,163583.60,Pending
17108,787,178,81,817327.12,Overdue
11944,730,342,45,371068.51,Completed
12146,58,466,9,870798.98,Failed
96327,421,376,91,178004.10,Completed
39100,1071,106,7,928194.12,Failed
60828,658,452,58,154596.91,Failed
55747,1076,403,11,231788.00,Overdue
23293,959,164,21,619318.68,Completed
34088,738,227,13,376093.70,Completed
64452,1055,392,36,997417.41,Pending
53150,1085,367,27,287154.75,Completed
30649,942,415,90,115304.82,Pending
21127,24,269,84,348946.95,Overdue
35093,154,155,32,421948.95,Completed
86782,1072,384,86,280411.56,Failed
26139,925,334,74,987385.22,Pending
31070,34,85,34,630518.91,Overdue
92548,650,37,29,528779.99,Failed
16893,71,467,18,740876.55,Overdue
46079,214,57,35,943764.90,Pending
59105,481,19,94,374403.27,Overdue
92373,407,52,57,155168.35,Pending
32996,983,286,62,837632.58,Pending
63690,740,79,27,416346.91,Pending
83748,573,450,93,883538.50,Pending
73965,139,358,14,403626.15,Overdue
66102,704,335,53,935112.23,Overdue
96202,672,249,26,22485.76,Completed
6404,764,343,53,592285.23,Completed
89340,327,340,27,171460.15,Completed
64603,925,262,85,885122.96,Pending
28660,340,432,47,372272.51,Failed
93944,803,260,22,989146.28,Overdue
5277,510,373,93,454008.92,Completed
26991,286,139,86,364532.79,Pending
67811,171,220,78,554042.94,Pending
71322,511,317,24,220960.43,Failed
71684,15,113,56,854053.63,Pending
35529,695,11,53,829420.71,Overdue
59912,8,64,34,921418.87,Overdue
90777,685,422,83,145577.43,Pending
85633,504,168,17,138204.47,Pending
40144,192,495,31,59472.37,Overdue
86030,516,391,100,297879.97,Overdue
10667,1052,485,98,437238.65,Overdue
21744,1070,65,55,528439.79,Pending
87241,952,100,74,450461.62,Pending
1215,702,368,58,412894.75,Failed
96946,269,75,83,187129.31,Pending
11515,147,239,97,637154.02,Pending
29362,242,88,2,521922.91,Overdue
76894,335,221,12,385480.06,Pending
26762,771,304,1,366259.28,Failed
34681,884,427,30,635066.91,Pending
71227,806,162,66,290168.44,Pending
1730,973,442,16,298075.38,Overdue
66628,947,24,51,510040.79,Pending
58744,1043,274,69,422237.57,Overdue
69051,804,374,11,405120.77,Failed
58367,475,11,100,968176.29,Completed
41037,933,89,28,397191.89,Failed
4615,460,46,48,36810.81,Completed
12262,203,15,8,459970.93,Pending
13535,37,106,49,892529.58,Overdue
33380,72,274,81,295471.37,Pending
77263,281,288,8,124369.62,Completed
7056,137,223,99,253906.18,Overdue
70873,1095,241,38,76125.61,Completed
25521,409,374,65,316976.69,Pending
76860,631,40,70,235936.29,Overdue
47646,891,317,62,387747.48,Pending
40247,744,330,48,733314.30,Overdue
32455,807,440,58,65562.81,Failed
59122,440,260,65,993888.39,Pending
38281,283,140,58,890169.61,Failed
7398,644,93,83,759979.75,Pending
63156,989,222,72,466599.60,Pending
75710,834,41,37,163086.89,Pending
38236,413,494,68,36447.61,Completed
17388,865,138,65,256543.60,Completed
4156,1039,251,12,825584.92,Completed
47772,840,371,78,548954.24,Overdue
56488,344,118,62,690953.22,Failed
57870,310,306,38,742335.66,Pending
8713,850,249,97,241929.78,Failed
30309,583,166,36,204484.25,Failed
30962,876,368,50,357594.32,Pending
99992,611,126,31,980428.02,Pending
73785,100,150,18,521992.33,Overdue
75551,924,78,74,861413.42,Failed
71513,574,159,15,575256.06,Completed
8378,564,142,87,195337.63,Completed
95427,290,299,5,643987.68,Failed
5539,340,161,81,273564.65,Completed
7359,100,326,21,60158.31,Pending
5955,356,13,94,807427.06,Pending
78502,36,322,62,983651.65,Completed
66294,1,405,92,24816.55,Overdue
1831,1046,398,61,606291.65,Overdue
31040,1015,215,99,843559.47,Pending
81289,1036,124,87,590230.12,Completed
33913,861,103,82,376636.35,Pending
13410,124,362,13,344264.97,Failed
91538,1060,413,5,91931.80,Pending
48498,656,382,76,232983.84,Overdue
86019,906,217,15,928918.92,Overdue
42875,4,423,73,686975.59,Completed
6734,1038,346,8,688144.19,Overdue
22361,1005,321,90,847812.56,Overdue
81199,989,343,30,619718.62,Completed
44164,898,400,43,665490.60,Overdue
45408,857,206,76,878882.12,Overdue
7252,62,351,100,275467.24,Overdue
2488,732,466,53,901402.42,Pending
34885,761,492,77,902827.01,Overdue
28716,383,14,20,405118.56,Completed
45460,376,233,25,249989.38,Completed
48357,713,248,62,133479.04,Pending
55399,813,446,85,535509.88,Failed
63261,27,361,9,300765.10,Completed
81572,572,364,73,763692.38,Failed
20559,933,66,55,125347.16,Pending
8206,692,477,22,858516.99,Overdue
35810,636,250,29,745000.76,Overdue
76018,581,368,71,339191.99,Completed
5598,980,240,51,754295.39,Completed
9826,802,269,92,665877.20,Overdue
59933,989,359,68,857189.32,Pending
5327,339,232,48,460603.76,Completed
88414,421,234,16,786130.45,Pending
14062,954,262,4,385884.18,Failed
64065,344,437,20,570015.37,Failed
8863,720,276,21,942071.65,Overdue
12426,286,312,52,18728.49,Pending
99556,151,494,65,262813.06,Completed
88096,747,448,93,442136.62,Completed
80787,626,199,56,464548.61,Pending
64553,301,248,59,823133.15,Overdue
77018,258,97,89,732378.57,Pending
3591,131,287,4,533767.04,Completed
50131,72,274,77,157769.81,Completed
50567,1006,354,1,691180.64,Completed
69499,577,165,10,142247.19,Completed
96245,329,287,18,620582.25,Completed
83356,1010,292,4,942924.08,Failed
25641,648,69,88,877011.36,Pending
58520,101,291,50,436573.18,Overdue
50162,264,105,10,490060.79,Completed
86161,997,82,76,691367.90,Completed
10363,272,150,74,240427.33,Failed
4491,1009,302,65,504280.59,Completed
49183,12,415,67,954043.78,Completed
33504,497,190,83,36435.25,Pending
60072,934,384,11,569890.23,Failed
52087,1035,336,28,28130.69,Completed
57398,687,280,69,585947.09,Pending
45651,802,446,83,22078.08,Overdue
24211,490,428,46,151941.37,Pending
28343,944,324,99,685841.79,Completed
52271,1022,417,15,838763.83,Pending
58219,336,315,50,521447.54,Completed
83670,124,1,4,294437.67,Completed
86183,720,398,13,839241.83,Pending
10952,1038,496,41,195102.94,Overdue
31008,1010,267,93,602746.37,Failed
14735,164,170,60,963967.01,Failed
3132,313,365,73,175872.26,Pending
52404,701,242,14,575821.03,Pending
19804,181,483,13,64697.81,Completed
75822,412,345,45,33661.52,Completed
10809,349,21,34,129245.71,Failed
38891,199,127,40,580880.68,Overdue
20230,81,281,75,901470.68,Overdue
2224,645,130,45,430876.16,Failed
19471,721,190,90,215712.89,Failed
40929,1079,448,79,143448.23,Completed
67932,738,411,30,638656.44,Completed
40704,41,284,58,907626.02,Completed
66409,546,433,40,484853.64,Overdue
92693,945,414,89,408969.99,Overdue
81221,44,178,29,436068.30,Completed
85589,835,423,79,802387.71,Completed
76498,400,143,92,391878.62,Overdue
87368,255,354,56,445967.19,Completed
97490,253,80,99,335394.59,Failed
17331,952,110,75,304334.67,Pending
20805,531,121,16,129044.49,Overdue
87909,725,476,51,268992.06,Overdue
76145,742,349,52,783464.71,Failed
62600,865,468,8,588159.59,Pending
64616,1072,36,10,87770.33,Completed
1993,1011,33,61,514354.88,Failed
17814,866,144,94,165012.14,Failed
43220,164,354,94,510425.49,Completed
94171,799,278,20,770819.91,Failed
55093,859,262,76,966645.09,Completed
44019,633,47,53,455484.56,Completed
89526,117,287,86,779523.55,Overdue
46372,444,237,12,553761.11,Pending
22273,1075,103,46,859403.00,Completed
53843,8,87,58,717015.39,Overdue
25759,439,478,78,708730.67,Completed
82853,873,471,98,266114.19,Pending
68379,328,285,98,157332.55,Completed
93636,727,51,18,816904.21,Failed
29407,139,386,68,299012.82,Failed
70321,581,482,56,204859.42,Pending
89562,933,359,65,34227.83,Pending
87779,1066,213,16,482414.92,Completed
20875,927,29,10,17233.08,Pending
94673,192,133,6,603457.54,Overdue
91872,737,293,93,72712.00,Pending
71658,320,214,22,313915.05,Pending
4641,886,48,84,992472.18,Completed
16761,559,114,18,647274.81,Pending
2167,1091,382,70,955681.97,Failed
56622,436,100,93,243769.81,Failed
68382,746,161,17,457338.66,Pending
62106,167,460,89,151616.69,Completed
41597,823,373,63,839426.66,Pending
48916,680,297,6,366244.50,Overdue
96145,920,406,35,270780.15,Completed
52182,235,391,67,243729.92,Failed
69616,503,2,4,478756.13,Failed
10119,817,115,77,84609.09,Overdue
83273,1043,149,30,212820.82,Completed
20356,46,194,92,34499.58,Completed
63451,197,164,78,145801.55,Overdue
14316,120,27,17,534809.19,Pending
75048,771,260,76,68074.26,Completed
55577,595,482,84,119541.76,Overdue
60580,1041,409,92,746239.37,Completed
58230,834,242,14,356408.32,Overdue
71433,863,425,73,567398.92,Overdue
34499,759,225,37,890660.20,Completed
2118,428,469,12,601209.71,Failed
54068,119,218,2,273895.33,Completed
46954,689,178,48,626181.88,Pending
45245,993,206,43,675012.67,Completed
76707,643,468,74,748362.26,Overdue
31205,287,298,13,720197.10,Overdue
5808,312,370,71,584957.10,Completed
97278,553,460,20,608634.81,Completed
21202,1058,482,27,660243.78,Overdue
79044,878,341,63,247870.92,Overdue
46984,959,464,3,996472.19,Overdue
64334,1027,9,28,872641.67,Failed
33358,924,486,8,376212.49,Failed
77430,902,325,21,653512.45,Overdue
50785,983,239,56,861963.56,Pending
64277,462,483,16,194260.30,Completed
71825,1029,62,38,182016.93,Pending
52393,475,27,79,183359.26,Completed
85270,984,337,12,223197.38,Pending
3776,466,357,32,203129.87,Overdue
68741,1090,322,52,553320.75,Failed
78517,289,183,81,994814.84,Completed
33155,539,186,36,394965.07,Pending
90983,890,235,37,285133.77,Completed
62561,1001,165,6,968975.14,Pending
41172,554,444,47,417166.48,Overdue
4828,650,369,58,791146.67,Pending
85711,508,351,27,555533.47,Overdue
17957,16,271,33,724908.88,Pending
7870,951,351,31,367920.21,Overdue
71959,625,77,94,112172.88,Failed
52461,235,192,32,750651.71,Pending
25409,46,6,43,659510.83,Completed
17644,204,313,97,283828.83,Completed
58268,710,36,58,128588.25,Completed
9837,58,61,69,905576.54,Overdue
2706,784,102,93,327146.94,Completed
9377,562,404,68,480305.35,Failed
95211,831,130,38,374127.65,Completed
19145,265,351,91,235133.06,Completed
27680,1055,199,12,844985.43,Failed
39522,1070,230,21,765413.43,Pending
41422,820,469,15,387554.37,Overdue
90659,435,387,73,938631.22,Pending
61760,201,368,18,191561.42,Pending
44046,309,25,50,903919.44,Failed
34357,248,466,17,484650.69,Failed
53358,317,159,45,383582.37,Failed
42485,659,186,6,259378.10,Overdue
97589,993,4,69,9715.77,Failed
44309,480,203,82,520692.23,Overdue
97900,131,127,22,52736.93,Pending
90013,776,180,40,252486.88,Completed
38674,692,346,78,256331.63,Overdue
28110,1082,392,3,632382.40,Failed
12725,457,171,11,381770.18,Pending
3871,734,339,99,955964.95,Pending
8297,285,494,73,187350.45,Overdue
56326,322,484,24,429689.10,Pending
57585,591,496,63,519482.29,Pending
16013,609,221,30,11603.28,Overdue
93355,787,178,69,928310.89,Pending
86426,115,191,44,902357.25,Failed
64624,501,401,14,318797.39,Failed
23501,1006,216,15,759292.05,Overdue
1457,356,479,52,243337.04,Failed
96518,1021,498,96,554863.87,Completed
54293,86,328,94,782658.00,Failed
94164,843,72,20,113069.71,Pending
24690,671,499,61,512100.17,Completed
78407,904,334,42,7766.25,Completed
28802,413,374,34,640950.80,Pending
87163,260,128,72,511212.61,Failed
76101,282,61,43,896126.82,Overdue
30047,660,378,89,885079.29,Overdue
97342,213,168,34,11183.58,Pending
25384,399,277,68,556447.27,Pending
69072,837,303,23,423393.41,Pending
71619,637,153,51,684490.51,Overdue
34429,41,245,83,701734.30,Pending
92551,548,469,9,57774.08,Pending
46152,1069,396,76,637499.04,Overdue
96597,206,310,26,174287.78,Overdue
40278,988,480,100,998184.92,Completed
27704,110,239,3,254455.29,Completed
46978,530,267,99,491046.66,Failed
38019,740,460,67,280018.67,Pending
59622,46,126,46,654707.97,Failed
79137,689,221,9,137303.23,Overdue
35187,722,396,18,977595.28,Pending
93186,757,291,84,163417.00,Completed
99451,627,310,66,476811.72,Overdue
48213,849,267,3,207461.99,Pending
18039,355,105,36,531582.05,Failed
63527,402,394,94,623634.43,Pending
83993,861,173,1,464183.49,Overdue
46967,450,275,42,653480.66,Failed
16595,344,116,24,922581.07,Overdue
67988,499,195,45,293663.10,Pending
27467,346,317,86,547114.62,Failed
73429,178,436,12,46502.40,Pending
17727,386,144,44,338227.10,Failed
96315,888,171,96,3240.80,Overdue
47212,216,498,97,1690.70,Pending
93240,231,216,52,541032.45,Overdue
85934,1014,166,97,590034.04,Overdue
60375,1048,207,64,954415.94,Failed
73213,689,238,49,428662.76,Overdue
26257,1041,377,66,571372.53,Pending
26156,998,139,72,956184.65,Failed
18873,706,423,83,32997.75,Failed
87048,588,423,56,612174.61,Overdue
37759,513,77,66,382588.02,Failed
17208,1043,24,59,852011.72,Failed
91010,185,92,12,368981.74,Failed
96317,188,74,25,430104.77,Overdue
11610,670,176,48,453704.91,Pending
2154,1019,329,22,771812.46,Pending
32374,68,493,22,481451.63,Failed
15420,60,331,47,270085.26,Completed
61629,877,201,46,14119.35,Failed
34162,127,407,57,980788.10,Overdue
88106,3,178,33,836468.66,Pending
21330,274,46,32,369405.99,Pending
31070,194,408,65,324622.03,Completed
80699,498,455,57,782108.86,Failed
49232,577,106,76,340372.11,Overdue
76617,861,310,7,338990.04,Pending
84861,956,138,35,559045.68,Pending
6714,338,480,5,929372.85,Completed
75897,866,32,52,462004.42,Completed
18432,897,25,55,898840.41,Failed
31045,271,172,3,327752.98,Pending
19280,928,348,51,633566.02,Overdue
98871,964,115,96,357389.95,Completed
7417,814,385,82,249536.84,Completed
39119,389,20,53,823304.52,Completed
80081,871,210,55,682373.22,Pending
37731,461,310,22,212910.17,Failed
88048,84,215,16,951191.00,Failed
48683,734,364,34,330409.32,Overdue
34128,189,111,11,558301.61,Completed
80729,204,363,30,406546.95,Completed
93818,413,112,71,49436.13,Overdue
71309,329,4,93,490950.40,Overdue
10969,1081,7,33,292263.74,Failed
90613,835,458,76,450921.61,Pending
63377,504,46,19,418746.74,Overdue
51535,44,445,35,950215.98,Failed
56303,818,233,79,617581.27,Failed
49233,155,239,89,705018.88,Pending
4847,162,344,8,302346.88,Pending
54493,540,186,75,763677.53,Completed
62771,1092,54,53,790610.78,Overdue
92415,654,294,74,827433.69,Overdue
85678,226,230,96,871417.44,Pending
54472,636,367,68,533855.82,Completed
86646,420,161,71,942088.05,Failed
97107,498,19,41,308878.95,Completed
63111,271,194,49,497828.17,Pending
93988,84,302,2,836255.36,Failed
21782,459,492,1,399449.17,Failed
63676,19,2,18,56490.51,Pending
66799,1056,237,14,533299.57,Pending
15355,552,207,55,692241.17,Pending
7163,678,303,28,842077.73,Pending
72993,190,212,32,408899.48,Pending
39535,393,324,27,523217.97,Pending
64311,701,300,96,338720.83,Failed
23446,1059,375,61,119931.75,Overdue
90306,405,296,80,873923.62,Pending
62811,950,68,44,414413.53,Pending
61646,31,447,69,506133.56,Failed
37498,33,114,48,356959.36,Pending
96892,1028,360,29,179951.19,Pending
73686,163,453,54,285576.15,Overdue
13576,773,314,15,732959.15,Completed
50039,1056,8,50,496890.85,Failed
72814,454,331,29,182751.02,Pending
87491,200,263,64,180356.99,Pending
4985,954,334,32,354313.97,Completed
78466,916,320,53,217672.77,Failed
16410,970,418,30,680608.68,Pending
36930,636,451,40,739553.82,Overdue
5142,950,423,54,132627.22,Failed
85365,286,114,49,463890.68,Completed
87521,577,191,73,484582.00,Pending
54370,471,87,33,410380.72,Overdue
63900,219,368,99,551710.04,Failed
54675,416,226,18,240676.17,Failed
1054,220,370,22,954182.34,Overdue
28317,629,149,44,927731.73,Completed
80538,318,116,35,723370.01,Pending
38331,108,53,28,99259.55,Pending
89776,272,482,11,48847.95,Failed
49110,1016,60,58,858182.64,Pending
25899,630,184,27,455692.90,Overdue
80829,469,347,96,622222.87,Overdue
66678,752,147,62,862594.60,Overdue
62361,745,376,67,944056.29,Failed
51412,134,163,48,662516.48,Overdue
20768,573,81,77,601657.44,Completed
42406,33,466,32,242867.94,Pending
83726,744,300,55,608446.84,Completed
90032,539,290,99,414603.57,Pending
1132,660,385,69,388804.25,Completed
81076,446,413,53,948959.42,Pending
26902,968,16,41,203680.52,Failed
28730,73,333,22,42811.14,Failed
12464,418,100,35,816578.79,Completed
90682,1028,155,4,441794.85,Completed
99076,261,366,93,871786.85,Completed
28004,812,189,3,57301.80,Failed
51363,552,437,30,468326.63,Failed
99150,891,160,33,976308.27,Failed
61540,1078,322,58,112878.18,Overdue
2117,830,291,70,777723.03,Pending
40255,3,124,60,250452.94,Completed
62981,935,166,83,376615.94,Completed
42259,847,247,25,866745.10,Pending
29807,654,141,62,207664.48,Failed
73083,229,420,2,851598.25,Failed
43286,730,366,90,268739.25,Overdue
46313,354,369,77,500818.24,Failed
68845,1005,264,73,904548.99,Failed
85323,482,321,48,113243.71,Pending
50068,796,268,42,96656.50,Completed
15980,878,181,20,427382.50,Failed
93210,52,269,52,907942.74,Completed
41297,155,129,85,553856.23,Failed
36712,439,464,73,570721.10,Failed
96529,589,120,18,579652.14,Overdue
79090,861,210,98,697137.84,Failed
19508,290,154,62,849842.56,Completed
56128,486,471,75,634728.69,Failed
58207,607,430,10,54625.70,Failed
60492,948,497,43,641663.06,Completed
60728,457,246,14,855318.75,Failed
85093,166,109,32,593305.66,Pending
14089,512,96,70,378623.30,Pending
45769,1033,278,22,340205.09,Failed
51554,925,186,61,372497.19,Overdue
43050,123,360,44,742160.21,Overdue
4621,345,41,2,670542.92,Overdue
28839,578,179,74,883268.82,Overdue
99779,646,387,64,520578.65,Pending
73357,304,268,95,665559.40,Completed
48900,318,281,20,757744.84,Completed
72639,732,199,51,405310.28,Failed
15409,1032,372,11,636164.15,Pending
50016,478,375,87,811896.39,Pending
70478,596,137,27,435183.36,Overdue
92612,322,269,99,584034.41,Completed
55838,139,428,42,233398.53,Failed
82226,676,38,75,336849.31,Pending
98162,428,199,69,29794.76,Overdue
73869,472,125,81,531752.98,Pending
13744,174,370,63,606582.56,Pending
69708,6,218,45,425244.30,Failed
87376,1061,293,2,881265.51,Completed
82494,581,68,70,190250.74,Overdue
36807,128,326,84,527187.17,Overdue
4686,760,119,13,903455.33,Failed
88840,796,321,62,812750.38,Overdue
52294,990,71,97,773647.13,Overdue
91669,66,330,16,507794.25,Pending
62973,344,470,86,730355.97,Completed
25073,65,473,34,639731.13,Failed
19687,309,341,19,397152.52,Completed
53983,284,412,95,72976.90,Pending
3158,911,50,98,664490.53,Failed
87236,117,168,93,716241.80,Completed
76536,153,146,30,313869.45,Overdue
35395,147,336,15,176444.39,Pending
62905,945,294,81,234551.03,Pending
36913,1016,158,59,853214.14,Overdue
83543,681,137,80,11315.37,Pending
19581,657,347,70,512495.35,Completed
23840,839,108,68,32204.23,Failed
27367,593,345,57,586731.05,Overdue
18399,814,251,85,256430.95,Overdue
59159,864,276,26,184685.03,Completed
89608,897,303,47,497919.38,Failed
74183,787,47,20,761297.51,Failed
24429,917,376,6,278055.33,Overdue
35676,41,268,55,844666.07,Overdue
26355,88,374,82,119077.91,Failed
32728,248,419,68,582331.70,Overdue
76441,27,147,49,686147.00,Failed
26637,217,67,26,679553.12,Failed
10307,294,319,91,562655.79,Pending
41860,44,198,72,216206.59,Failed
24675,720,359,68,84406.44,Failed
17063,289,425,62,231694.16,Completed
62744,546,53,10,318587.97,Failed
5786,1006,147,39,678449.07,Completed
61375,192,439,91,391972.25,Pending
65400,388,269,9,973153.09,Pending
49101,287,300,96,103595.08,Completed
12149,398,281,12,556489.36,Pending
56365,403,480,48,585563.72,Pending
72085,831,156,37,935623.74,Failed
91338,833,464,47,561377.07,Pending
8503,367,276,64,198278.93,Pending
70326,714,153,45,2029.34,Failed
32057,425,117,66,42752.14,Completed
91578,829,449,89,56719.34,Completed
39962,430,408,3,232947.94,Completed
4046,1060,483,90,297560.81,Pending
99855,183,31,39,356696.64,Overdue
30984,775,220,30,630157.40,Failed
81282,810,288,23,1311.20,Overdue
21255,891,110,25,396042.46,Failed
40737,117,434,80,187318.43,Pending
97938,1034,479,57,97340.54,Overdue
70479,100,46,32,883907.20,Failed
95146,1017,43,94,445802.53,Failed
27106,398,234,13,60624.52,Failed
23086,583,212,17,325938.33,Pending
93920,345,203,24,402435.29,Failed
60778,904,157,6,620355.46,Failed
89711,227,299,71,170790.33,Failed
71188,269,420,84,273694.96,Pending
51172,432,383,47,281311.56,Failed
9752,474,76,29,309742.61,Overdue
24118,604,209,31,517895.12,Failed
69837,280,357,29,461545.08,Overdue
30603,234,274,57,706811.00,Pending
76703,144,321,75,117260.56,Failed
62389,679,329,14,829546.98,Completed
2715,673,259,64,256673.29,Failed
42474,886,213,63,630176.04,Overdue
47241,674,24,53,449251.72,Completed
13548,249,444,15,881852.90,Failed
87220,418,333,68,893980.95,Completed
4055,395,196,10,657156.94,Overdue
87762,254,247,46,70398.28,Failed
59477,752,43,81,181320.24,Failed
42991,365,187,30,549955.32,Overdue
61139,675,171,23,967595.79,Failed
31846,963,376,65,275317.01,Completed
47570,934,66,58,681982.00,Completed
3594,520,334,25,774708.78,Completed
40342,531,416,76,96204.89,Completed
98667,826,160,99,840692.24,Pending
96491,806,114,41,398356.57,Pending
84079,1053,12,46,977877.29,Completed
26622,355,461,81,925909.54,Overdue
10250,503,355,78,339906.38,Overdue
45561,676,12,45,318853.77,Overdue
74567,37,8,74,271062.59,Pending
59726,388,345,100,214473.19,Failed
67150,582,385,97,968268.54,Overdue
64972,309,92,12,669103.41,Completed
89872,592,82,90,304795.97,Overdue
49860,895,274,46,280926.14,Completed
2852,728,75,52,896674.01,Completed
98748,1045,496,40,469022.89,Completed
88210,151,239,63,908121.39,Completed
92584,649,389,51,714113.24,Overdue
49827,397,339,5,806528.02,Failed
35262,360,476,24,593205.63,Failed
22166,178,162,2,554184.29,Completed
27589,929,35,77,510572.17,Completed
76266,828,333,82,264858.84,Pending
49271,964,457,54,189600.59,Pending
9743,771,297,72,408533.24,Pending
17779,555,124,98,101392.22,Failed
18684,687,273,23,325035.53,Failed
63224,708,209,37,368748.86,Pending
49996,989,313,45,851510.38,Pending
98928,514,430,85,82718.49,Failed
24994,926,66,66,467519.44,Completed
73832,663,190,71,511998.21,Failed
29303,348,7,96,703322.34,Failed
77570,466,81,13,667865.12,Pending
17048,128,491,97,624247.47,Overdue
73536,250,363,90,719110.35,Failed
30285,111,173,20,297068.63,Failed
68755,816,63,72,14621.43,Overdue
46305,812,21,30,87624.39,Failed
57414,312,366,17,903478.18,Pending
65250,139,145,60,432875.61,Pending
25325,908,377,88,847105.84,Overdue
56803,523,204,69,513406.64,Pending
60734,672,277,7,715402.61,Completed
7786,80,473,49,175548.02,Pending
93855,601,36,47,787667.99,Overdue
45925,89,88,36,808654.86,Failed
44442,760,181,4,387652.21,Pending
73029,531,401,53,743280.05,Completed
90455,262,223,13,8805.09,Failed
31518,458,193,19,104539.08,Completed
66966,976,59,67,854565.86,Completed
47240,120,134,1,584284.50,Pending
11545,1093,70,81,715928.71,Failed
82684,640,327,99,814292.83,Completed
39794,115,444,54,901510.57,Overdue
32521,59,60,26,418555.07,Overdue
8132,253,486,6,33036.32,Completed
88569,771,311,80,955644.13,Overdue
10934,172,70,39,187452.33,Failed
64195,866,114,66,747837.82,Completed
56664,662,60,52,563480.74,Failed
86152,879,242,72,561498.34,Failed
1550,302,185,59,202325.75,Overdue
23787,840,127,18,854591.49,Overdue
77154,265,266,36,124818.02,Pending
62371,140,475,24,349732.12,Failed
83039,303,273,39,963174.46,Failed
90483,484,345,20,943214.11,Completed
7391,882,18,1,370982.77,Pending
54119,197,411,90,631406.80,Failed
75647,1013,134,25,248777.42,Failed
45535,677,102,42,908776.08,Failed
27010,581,461,61,864836.79,Failed
89130,332,490,91,480197.62,Pending
56337,674,396,82,89540.51,Completed
27027,421,38,95,244012.19,Completed
89398,184,267,28,274155.88,Overdue
69048,1047,42,51,300184.12,Completed
54486,275,340,28,459180.57,Completed
5791,739,284,7,391805.43,Pending
29313,865,171,67,132141.74,Pending
4220,1068,327,18,962601.37,Failed
10575,505,397,28,592286.73,Completed
15330,480,496,97,908639.80,Overdue
90253,752,387,23,329377.80,Overdue
71600,999,93,23,778305.52,Pending
70181,258,152,64,203288.16,Pending
55730,210,54,58,615555.03,Pending
2376,672,240,32,581956.31,Completed
13648,112,30,61,378726.18,Pending
54562,457,361,8,99137.49,Pending
45856,524,139,87,372211.87,Completed
23080,928,195,74,575006.08,Completed
57183,204,241,41,149268.40,Pending
24146,642,187,74,469843.05,Pending
71345,501,256,49,253256.98,Failed
55277,545,417,48,359013.01,Completed
60171,1067,350,10,155640.36,Overdue
57191,367,90,60,606372.45,Pending
1314,146,13,11,656955.30,Failed
6603,538,339,54,276592.43,Pending
24614,892,30,33,808706.85,Failed
27617,976,429,5,453268.43,Overdue
13194,318,22,68,903061.74,Completed
98552,399,178,13,690094.41,Overdue
97041,419,63,18,47043.17,Failed
14207,831,157,16,984513.91,Overdue
95671,432,42,99,160683.45,Pending
41299,450,454,7,686260.50,Overdue
42551,1029,217,18,777584.81,Failed
62688,479,209,11,526008.22,Completed
12341,91,108,50,628398.44,Pending
23369,476,349,13,435731.32,Overdue
24528,893,25,27,908449.95,Failed
21342,1069,151,60,12276.61,Completed
98469,793,8,81,671850.97,Failed
81840,158,348,10,457375.08,Completed
33990,346,473,15,637744.55,Pending
61361,465,345,15,453720.93,Failed
52142,17,283,50,945224.88,Overdue
64212,294,397,48,962249.38,Overdue
4231,365,445,14,382785.44,Pending
15246,744,112,80,47460.31,Completed
82504,862,105,5,569393.70,Failed
24283,826,375,70,592196.31,Pending
49718,82,463,61,496001.68,Overdue
16857,237,471,80,58360.51,Pending
40385,986,185,52,391295.58,Pending
99794,685,249,68,961127.72,Pending
17201,173,232,76,842911.21,Pending
40014,796,185,31,870368.54,Completed
89149,495,484,83,365626.15,Failed
50650,604,362,76,328269.49,Failed
64651,879,403,36,465773.17,Failed
6352,853,284,51,381082.13,Failed
34074,1069,242,38,388815.66,Completed
84125,736,448,5,749994.80,Pending
61465,441,272,39,66683.22,Overdue
98066,810,303,10,179961.17,Pending
27100,888,398,65,217383.65,Pending
46288,983,340,11,514757.67,Completed
83368,692,471,73,259539.52,Overdue
74847,604,298,66,873092.29,Failed
9989,871,152,94,921203.89,Completed
60778,63,401,46,658920.12,Pending
20765,617,228,31,433933.54,Completed
32107,1056,438,96,982991.99,Overdue
86178,64,121,79,82841.99,Failed
60023,886,288,3,719340.64,Overdue
33389,381,168,37,463662.55,Pending
48360,707,242,38,829092.00,Completed
85988,1085,149,82,468828.66,Pending
36592,156,96,78,515449.99,Pending
48356,656,379,24,797948.64,Completed
86108,148,468,9,81849.72,Failed
31757,916,439,17,344139.08,Pending
1929,1005,122,86,129748.47,Completed
40898,518,379,84,322229.16,Failed
44309,660,399,44,332396.38,Pending
28475,1072,89,10,691617.21,Failed
94627,538,326,68,812328.37,Failed
43692,790,101,32,699707.68,Completed
9736,4,182,51,63203.18,Completed
61810,900,310,5,660567.94,Failed
94006,142,165,64,241835.77,Pending
12126,826,445,22,73381.97,Overdue
1686,185,106,27,445189.94,Failed
26858,1017,258,86,85184.32,Failed
19568,198,485,95,371732.69,Pending
85490,181,463,46,584212.92,Completed
68066,888,425,12,825758.28,Completed
74413,658,220,83,791254.70,Failed
50627,634,171,14,342183.00,Overdue
28080,135,259,67,806816.38,Failed
37551,257,276,10,453377.66,Overdue
49611,1087,338,76,626897.86,Pending
66399,271,132,55,236872.78,Pending
74747,1017,223,64,53959.65,Overdue
36911,1020,468,37,250527.96,Pending
84723,590,86,11,339074.87,Overdue
48772,560,419,16,632914.11,Failed
88900,31,31,69,726643.61,Pending
50786,478,401,15,114589.41,Overdue
73229,221,207,42,997173.39,Pending
29368,831,302,20,639466.01,Overdue
7102,999,82,65,888825.56,Completed
32801,962,340,29,89239.33,Pending
43017,921,35,92,939055.72,Overdue
35813,797,500,96,827580.53,Completed
55023,95,279,2,436436.53,Overdue
88788,570,228,1,952578.64,Completed
36953,24,340,54,666397.22,Failed
75007,950,436,52,803571.06,Pending
55053,445,202,91,796223.14,Overdue
94753,609,482,2,342594.04,Failed
30247,617,170,48,631119.07,Completed
20568,870,393,94,158199.62,Completed
24529,320,208,92,130736.56,Failed
62961,572,170,25,880743.92,Pending
48576,965,67,92,444783.99,Pending
14240,889,256,11,380132.19,Completed
67247,413,61,94,696979.21,Failed
95148,949,209,78,177559.74,Pending
42022,351,351,68,780543.40,Overdue
37479,330,228,37,683194.39,Completed
22425,550,316,41,355627.64,Overdue
5212,1054,496,63,529188.66,Failed
60806,1074,295,40,729161.40,Completed
36716,866,342,82,207242.48,Completed
72436,499,270,66,830700.58,Pending
84438,141,423,85,2420.68,Overdue
30193,1070,255,56,283257.88,Failed
30178,423,222,61,14276.11,Completed
69318,59,126,13,440125.08,Failed
43104,86,217,87,886354.58,Failed
75099,933,16,88,241639.09,Failed
92122,452,9,86,137434.93,Completed
90130,514,26,92,778026.18,Overdue
62073,504,182,59,135544.19,Pending
68776,728,277,81,118953.16,Pending
97735,357,239,73,218279.42,Pending
57288,1028,439,56,244495.02,Pending
84226,434,300,90,923137.61,Completed
60449,352,459,83,134708.54,Failed
17748,1046,488,92,471331.42,Completed
59645,863,50,10,636346.48,Pending
49412,1081,455,43,36799.70,Pending
38556,478,361,66,329808.48,Pending
6617,318,338,43,852611.16,Completed
59508,174,93,12,741333.74,Overdue
1453,70,57,14,458761.49,Completed
94603,444,393,19,681900.09,Pending
63989,253,60,92,387423.95,Pending
79517,782,292,91,239166.09,Completed
66543,252,447,48,562826.21,Failed
21130,136,361,3,559706.22,Overdue
96705,482,144,97,902765.79,Completed
88519,651,69,77,331634.19,Failed
72130,372,349,86,923883.00,Pending
86614,621,135,59,901810.43,Pending
64239,925,167,98,233067.58,Completed
72437,1093,232,56,517663.94,Failed
63724,845,353,69,71029.69,Completed
68675,261,82,80,776661.98,Pending
49173,1014,147,43,711923.54,Failed
10703,113,93,60,113199.39,Overdue
78846,98,472,55,728895.55,Overdue
93039,1070,87,20,956448.12,Pending
69017,48,341,66,566840.71,Failed
94457,984,170,45,686911.91,Completed
92390,412,312,86,708406.07,Failed
