transaction_id,customer_id,txn_date_id,channel_id,account_id,txn_type_id,location_id,currency_id,loan_id,investment_type_id,txn_amount,txn_status
25062,63,520,3,68,1,85,1,133,4,745537.67,Pending
69718,84,986,5,44,4,20,4,56,3,755381.93,Failed
99031,71,272,2,124,2,20,4,148,2,265990.48,Failed
92929,13,1055,5,10,3,58,5,389,3,538488.33,Failed
59416,85,387,3,20,1,38,7,404,4,30837.67,Pending
17124,9,200,3,37,4,4,5,252,2,234972.03,Cancelled
88067,17,1087,5,73,3,96,7,119,4,21972.57,Pending
94240,23,660,3,64,4,40,2,58,3,562556.61,Completed
85536,57,1053,3,128,4,40,6,110,1,357723.08,Pending
79092,38,1044,3,51,1,56,3,112,2,336321.42,Completed
69724,30,189,4,126,3,75,4,4,3,597577.37,Completed
2382,10,575,2,114,3,16,7,470,5,490721.27,Failed
19852,48,396,1,72,1,64,3,16,3,810128.88,Cancelled
3794,30,225,3,24,4,23,5,133,3,734330.73,Cancelled
68016,79,706,4,112,2,98,1,7,5,840254.84,Cancelled
49640,98,789,4,5,3,85,6,386,1,907616.97,Pending
92571,53,1000,1,40,3,15,4,105,2,912520.65,Pending
45352,84,1026,4,105,1,44,4,451,4,173371.29,Pending
87175,85,174,1,9,4,3,3,124,2,741300.12,Cancelled
85501,4,837,1,8,3,44,5,404,1,956207.20,Pending
36586,93,399,5,111,2,93,4,214,2,249266.70,Cancelled
46860,61,104,1,142,1,46,2,453,3,624228.40,Failed
5897,19,189,4,62,2,43,2,453,1,735156.88,Failed
11981,97,271,1,3,4,45,1,484,1,795725.30,Pending
9604,88,548,5,25,3,53,1,106,2,609460.45,Failed
68549,20,1032,2,65,3,60,5,304,3,648395.61,Failed
78004,11,852,5,54,4,11,6,454,5,723643.29,Cancelled
61519,54,888,2,24,3,98,5,310,2,658087.86,Pending
59954,11,28,1,44,1,64,4,172,5,221522.28,Pending
34458,97,493,1,29,2,24,7,372,5,881917.47,Failed
68841,100,803,4,126,3,22,2,130,3,271924.95,Pending
81171,71,418,2,115,4,45,5,242,3,1589.28,Cancelled
62764,91,83,5,17,1,62,4,15,5,108305.41,Failed
92145,30,284,5,19,1,68,1,365,5,556760.71,Cancelled
91161,14,119,3,90,1,84,7,388,5,203184.67,Completed
88920,85,72,1,18,4,13,5,223,5,765843.86,Cancelled
30993,63,176,3,146,2,59,6,170,2,794659.33,Pending
20689,41,1027,2,83,1,55,7,194,1,756654.93,Completed
61102,68,807,1,110,3,6,5,203,5,181783.95,Pending
6303,69,469,3,150,2,35,7,112,4,995461.36,Cancelled
72308,88,410,5,2,3,33,6,146,5,50722.31,Pending
28956,62,954,1,113,1,69,6,124,3,342869.65,Pending
31047,100,480,5,70,1,21,4,233,3,930890.31,Failed
46672,15,902,1,97,1,88,3,79,2,29365.93,Cancelled
92138,65,477,3,19,2,93,3,461,1,388846.28,Completed
73599,49,364,5,100,4,50,7,405,3,327742.57,Pending
39229,84,539,3,112,3,12,5,448,5,698525.09,Completed
72630,39,804,4,124,2,13,7,140,5,684670.74,Pending
70340,14,300,1,78,1,13,4,104,4,949502.08,Failed
93523,44,80,3,66,1,43,4,38,2,11595.44,Pending
60764,81,277,5,133,2,9,2,377,5,540527.67,Cancelled
88815,57,300,2,72,1,41,2,107,1,14397.64,Cancelled
10679,38,584,4,139,4,1,7,62,5,657664.46,Completed
64376,15,937,2,24,3,48,7,424,1,684595.00,Cancelled
88668,89,867,5,132,3,51,1,391,3,971042.46,Pending
27844,14,515,3,30,1,65,5,297,1,491420.32,Pending
53492,56,1081,3,10,4,83,6,294,5,947841.50,Pending
50513,25,1074,5,110,1,92,3,140,5,236259.77,Failed
65937,17,1048,5,31,4,27,5,292,1,42855.56,Failed
93279,67,592,4,24,3,37,4,397,3,966451.39,Failed
25527,2,131,2,45,4,83,5,199,4,101351.22,Cancelled
1281,32,792,2,66,4,71,7,270,3,945822.64,Completed
58074,13,278,1,124,4,57,5,430,1,914904.42,Failed
95413,60,958,3,55,1,98,7,243,2,84352.39,Pending
72406,43,294,3,148,3,83,1,289,5,336182.91,Completed
45461,80,707,5,104,3,44,6,140,2,196497.98,Cancelled
21568,33,941,5,109,3,14,3,221,1,6573.71,Cancelled
54723,44,627,3,44,4,65,5,59,3,909208.96,Failed
84833,24,81,5,112,3,64,5,459,2,819557.79,Cancelled
38632,68,999,3,115,3,51,4,429,5,774987.71,Pending
45947,35,192,3,93,3,94,6,82,3,848912.67,Completed
81086,49,131,3,112,2,22,2,315,3,343514.98,Completed
77048,40,142,2,84,1,5,3,462,1,158991.61,Cancelled
13797,92,247,1,115,1,72,1,463,5,698015.15,Completed
66274,23,180,3,117,4,5,6,13,1,98141.24,Failed
58692,61,692,5,37,3,64,5,118,2,976548.41,Pending
61200,4,991,5,55,2,58,6,151,3,361937.59,Cancelled
59222,8,797,2,22,3,94,1,198,4,308351.52,Failed
88949,1,1086,3,82,3,70,5,398,1,267691.51,Pending
7740,89,529,2,143,1,47,1,103,2,413153.13,Cancelled
81306,19,474,1,70,3,46,3,84,2,55482.14,Cancelled
41696,99,885,3,35,2,45,1,343,4,541604.11,Cancelled
20646,64,228,2,45,3,32,7,119,3,61746.30,Cancelled
85904,75,82,2,34,2,13,6,168,4,899496.53,Cancelled
38923,20,339,3,77,4,57,5,332,2,425581.34,Pending
83435,3,929,1,15,1,69,4,38,2,763908.63,Completed
49107,66,1012,2,32,3,82,4,484,3,517650.98,Failed
89407,14,753,4,149,3,36,4,31,5,970500.88,Pending
73122,26,26,2,95,3,83,6,346,5,482554.24,Completed
54005,18,536,5,55,2,8,2,152,1,803541.22,Pending
77295,4,77,2,28,4,34,4,152,3,212135.48,Failed
4200,95,770,3,56,2,59,5,231,5,556346.48,Cancelled
29534,81,967,1,26,3,67,5,397,1,101924.03,Pending
81923,97,667,3,114,4,18,2,322,4,954297.24,Pending
99383,87,1041,4,28,4,94,3,252,1,216009.80,Pending
60706,92,1001,2,55,4,89,3,306,4,217584.62,Cancelled
55287,46,260,3,99,3,16,6,113,2,426844.81,Failed
93247,16,773,3,130,1,43,4,396,2,187875.71,Cancelled
49233,32,701,5,122,3,50,1,389,1,326116.17,Failed
14675,38,192,5,85,1,1,1,3,1,424971.93,Failed
1982,82,969,2,16,2,1,5,366,4,823302.65,Pending
20479,38,143,4,99,2,16,3,449,1,826141.07,Completed
99657,20,219,3,105,1,87,4,362,5,573549.52,Pending
90576,41,697,3,30,2,60,4,492,1,859616.58,Failed
80685,66,106,3,8,3,7,6,420,2,470221.69,Cancelled
37342,53,764,2,78,4,83,1,368,1,820950.63,Pending
62049,94,915,2,119,4,54,6,441,4,859057.33,Completed
31105,41,391,1,109,4,60,1,419,5,353954.97,Completed
99533,36,414,1,135,4,60,4,66,3,127641.40,Failed
84382,44,1092,5,150,1,72,7,367,4,571847.02,Cancelled
40156,34,998,4,143,1,32,1,167,2,815777.42,Completed
82116,69,582,5,143,3,24,7,457,1,832913.49,Completed
55059,44,37,4,78,3,28,5,67,4,839235.66,Pending
69301,34,842,1,71,4,1,4,183,4,312359.62,Cancelled
64867,92,185,1,114,3,45,2,330,2,701017.60,Completed
6698,48,28,2,79,3,34,4,47,1,135888.75,Pending
14597,52,130,3,92,2,56,1,351,3,789214.57,Failed
75779,7,672,3,86,2,87,6,402,5,996997.65,Completed
43000,36,483,3,14,2,20,2,455,2,178140.33,Cancelled
31686,27,590,2,117,2,57,4,232,3,516926.41,Failed
5784,47,353,5,142,2,18,2,169,2,756872.90,Pending
67165,79,996,4,54,3,19,5,28,1,227901.18,Cancelled
17120,26,782,5,118,2,90,5,359,4,130775.56,Failed
97231,80,236,1,18,3,18,7,304,1,334685.67,Cancelled
16700,17,571,3,69,3,32,5,24,3,762577.94,Pending
50753,36,527,4,75,2,15,4,191,2,445663.86,Failed
1103,61,636,5,40,4,8,2,393,2,195609.00,Failed
89893,51,1053,5,55,4,44,7,2,4,630051.14,Pending
36852,53,579,3,69,4,25,2,408,3,889929.55,Completed
54126,65,953,2,98,1,47,6,96,2,683585.51,Failed
42159,35,534,2,56,2,57,7,124,3,763789.80,Cancelled
63311,64,369,5,142,1,44,1,123,4,172669.64,Completed
72598,22,1059,4,140,4,25,1,288,2,477971.56,Pending
20711,79,709,1,54,4,71,7,465,2,442673.65,Completed
26216,45,116,3,9,1,29,5,46,5,257912.30,Pending
12489,40,385,1,124,2,28,5,427,1,360078.63,Failed
49684,22,363,3,77,1,86,4,249,3,251335.98,Pending
22206,47,219,4,145,1,81,4,311,2,839722.27,Failed
21051,15,736,1,137,2,20,6,183,2,431930.60,Completed
42431,29,209,3,107,4,17,4,72,3,362870.95,Cancelled
50374,99,863,5,8,1,66,5,272,3,722600.13,Failed
94868,19,164,3,64,3,66,6,40,1,32002.51,Pending
56673,27,912,1,112,1,81,4,56,2,121077.17,Cancelled
32354,1,616,3,114,3,94,5,75,5,444207.39,Completed
63125,42,346,4,91,4,48,4,445,3,981807.47,Pending
60654,55,876,3,67,4,60,2,190,1,933546.93,Completed
51970,60,627,2,114,1,20,3,137,4,752751.23,Cancelled
29256,65,269,4,116,3,46,2,388,5,608944.72,Pending
52096,96,585,2,134,2,19,7,306,4,330912.25,Cancelled
81961,23,1060,5,126,2,74,4,170,5,263948.26,Pending
7350,97,1039,3,128,1,58,1,177,2,802482.97,Completed
9362,7,226,1,60,4,45,7,172,4,633282.27,Pending
61146,30,778,5,26,4,71,4,203,5,396208.91,Cancelled
50983,50,232,5,132,3,7,4,145,4,596282.12,Pending
38555,7,22,2,137,4,83,1,182,5,361528.33,Completed
25919,72,83,5,96,1,55,2,16,2,904756.76,Failed
18130,44,447,1,26,4,77,7,318,2,19557.43,Failed
19662,94,31,3,15,4,34,7,60,2,62198.54,Pending
74148,52,58,1,44,4,11,6,127,3,504423.65,Failed
36711,83,35,1,58,3,9,5,83,2,708472.85,Completed
16102,18,165,4,119,4,98,1,52,5,386875.96,Pending
24133,10,1003,1,5,3,3,1,217,2,525223.16,Failed
14965,68,1054,5,104,2,17,4,412,2,360061.55,Pending
8476,13,311,2,125,1,59,3,395,5,889077.49,Cancelled
71188,75,57,2,135,3,92,2,205,2,16426.18,Completed
23201,42,614,2,49,4,25,4,169,3,38256.84,Cancelled
87274,90,1056,2,103,2,68,6,472,4,176498.33,Completed
64939,45,217,2,87,1,30,5,275,4,194813.50,Completed
35702,19,837,1,12,1,60,6,73,3,649390.44,Cancelled
60713,81,207,3,86,3,95,2,273,5,966783.53,Pending
81483,65,688,1,35,1,38,7,402,1,249505.55,Pending
57966,59,687,2,63,1,77,7,368,5,907176.55,Failed
87477,81,534,4,40,4,81,6,495,1,989528.94,Completed
80288,99,728,2,24,3,66,4,30,1,230482.22,Pending
80435,66,792,2,134,1,34,3,220,3,17749.77,Failed
4705,77,174,2,120,2,51,4,233,5,15046.31,Failed
20131,19,269,5,57,4,34,4,444,2,680449.54,Completed
81294,13,450,3,10,1,71,3,483,3,171787.92,Cancelled
94698,4,382,1,3,3,93,5,286,4,9906.77,Pending
60106,89,516,4,33,3,20,2,392,1,796780.64,Pending
2810,5,513,4,22,4,58,6,211,3,817460.17,Cancelled
50015,40,851,2,124,3,82,2,379,2,432919.09,Cancelled
63802,46,478,4,36,2,75,1,249,1,111133.92,Completed
82680,67,919,5,111,3,12,1,310,3,198527.89,Cancelled
2840,97,815,1,103,4,3,5,333,3,861109.27,Cancelled
91977,59,1027,2,118,2,72,7,466,5,425789.85,Failed
80859,3,282,1,95,2,49,3,375,2,922489.01,Cancelled
18079,66,271,3,108,2,77,5,159,1,541699.61,Cancelled
96696,74,93,3,59,4,40,4,385,1,93331.03,Pending
77233,28,91,4,83,4,43,1,86,3,309878.72,Cancelled
76025,17,815,3,67,2,51,3,60,5,504474.54,Failed
4493,49,364,3,144,3,27,6,253,5,604861.78,Failed
88155,67,594,1,63,1,57,4,494,5,541074.90,Pending
97654,44,869,1,138,2,21,2,254,2,605915.22,Pending
78648,40,905,1,76,1,61,1,282,5,206124.72,Cancelled
38475,33,274,5,16,1,54,6,390,5,169430.43,Pending
8905,55,89,5,129,3,16,5,423,2,708614.52,Pending
64041,23,261,4,116,4,89,5,496,1,40716.03,Cancelled
19210,51,74,4,40,3,67,1,121,2,448834.70,Pending
67283,14,221,5,111,2,20,4,233,1,397251.63,Failed
11535,1,474,5,65,4,76,1,236,5,237260.61,Cancelled
27686,49,771,2,32,1,11,2,425,3,147353.72,Cancelled
45777,24,894,2,68,2,40,7,243,2,623944.78,Completed
37126,92,135,4,94,2,65,2,23,5,80383.63,Completed
69162,60,841,2,49,1,18,1,262,4,212409.69,Completed
54620,77,695,1,10,2,73,1,238,1,212132.54,Pending
23853,72,24,4,101,2,7,2,335,5,53151.06,Cancelled
90656,50,405,5,114,2,71,7,218,1,346349.13,Completed
81807,70,12,2,40,1,25,5,475,5,508604.17,Failed
42939,83,786,3,118,3,88,7,160,3,299495.96,Cancelled
60057,78,426,3,15,2,72,4,90,2,763982.86,Cancelled
48218,27,191,2,69,2,43,6,281,5,379717.96,Completed
1930,5,506,5,140,4,45,7,486,5,83231.33,Pending
62157,68,175,5,104,1,64,7,39,1,386213.50,Completed
35972,84,417,2,129,4,71,5,421,4,103844.83,Pending
98670,31,1011,2,139,3,19,4,445,1,154101.53,Pending
89131,23,240,5,143,3,31,3,401,1,867394.14,Pending
12528,80,936,1,63,4,1,3,316,1,36185.64,Cancelled
6650,39,546,4,148,3,59,1,500,3,707210.07,Completed
81837,91,606,3,20,4,23,4,369,3,637984.72,Failed
15160,9,640,4,28,3,67,4,435,2,465604.70,Failed
84885,29,217,3,42,4,88,2,233,4,642713.89,Failed
1637,34,835,2,143,1,57,4,412,1,505024.30,Completed
76642,62,175,2,48,2,81,3,396,3,272796.30,Cancelled
11907,74,951,5,25,2,26,3,436,2,399490.95,Completed
22631,97,1037,4,61,4,70,7,353,2,799761.50,Cancelled
7716,38,392,4,25,4,31,3,128,3,216298.94,Completed
45251,42,712,5,31,3,62,2,158,2,296848.09,Cancelled
83118,80,656,2,57,1,28,1,386,5,699467.88,Failed
80721,32,650,1,149,2,74,7,198,2,918806.63,Failed
2219,95,170,1,66,1,46,3,324,4,966971.45,Pending
25343,40,843,4,150,2,100,5,238,1,498114.52,Completed
9241,100,976,2,79,1,3,7,154,2,160506.80,Failed
35347,92,988,2,52,4,2,5,480,4,801252.40,Pending
15267,36,806,5,23,2,23,1,11,2,160746.01,Completed
75082,19,41,3,85,2,70,6,50,1,559610.73,Cancelled
3559,84,726,5,147,3,49,2,439,4,48042.80,Pending
63948,88,684,1,144,2,85,5,329,2,468247.89,Pending
3124,100,666,5,38,3,43,2,401,3,878808.82,Cancelled
66385,10,838,5,17,1,7,5,279,4,477886.77,Completed
32906,17,128,4,48,3,13,1,458,4,966371.23,Failed
87925,7,389,5,29,4,98,4,449,4,896333.31,Completed
46508,21,794,5,142,1,60,3,424,5,367036.10,Cancelled
27153,61,924,1,133,1,50,4,298,1,11001.55,Pending
61263,73,160,5,104,4,42,1,21,4,579562.97,Pending
79759,95,384,2,31,3,76,3,379,2,706851.52,Failed
64378,23,127,5,70,1,31,4,410,4,626877.81,Failed
66081,40,587,5,133,1,75,1,89,5,557443.45,Completed
41717,18,870,2,107,2,72,4,450,2,585421.00,Failed
97210,4,939,1,129,4,73,7,322,1,955860.18,Pending
52318,81,261,5,77,4,44,1,30,3,274533.33,Pending
61565,46,839,2,51,4,83,4,196,1,803561.53,Pending
34892,16,524,3,10,4,67,1,131,1,585494.37,Cancelled
27144,38,858,5,146,2,43,1,365,5,647914.20,Failed
58194,44,441,4,84,1,52,1,365,2,804953.09,Pending
86476,97,1,4,47,4,54,6,209,3,213230.36,Completed
14825,99,416,3,64,3,78,2,295,5,571921.78,Failed
20601,96,315,4,29,1,93,6,300,4,616910.79,Completed
26543,87,364,2,53,3,18,7,78,5,20888.41,Pending
42417,75,726,5,82,4,43,3,282,3,410553.92,Completed
61172,27,740,1,150,2,33,6,27,3,826164.67,Pending
49494,65,954,4,103,3,79,7,365,4,309378.60,Pending
50173,99,592,3,48,1,88,7,91,1,904767.89,Completed
78929,27,793,3,38,1,14,5,410,4,343295.24,Cancelled
64041,92,754,3,147,2,66,7,453,3,858236.69,Completed
47720,39,731,4,69,1,51,7,453,4,922522.97,Failed
50230,56,67,3,26,2,26,7,204,4,616690.76,Failed
10090,98,277,2,76,4,68,4,111,5,146065.17,Cancelled
1624,42,12,3,2,4,25,6,124,5,311544.84,Completed
93985,25,303,3,73,3,29,2,140,2,212640.99,Cancelled
57621,43,971,4,37,2,68,5,169,3,74292.28,Failed
61741,49,811,2,14,4,73,1,482,5,31435.81,Failed
44088,73,70,5,85,2,48,3,394,5,717065.37,Completed
25124,97,755,5,116,1,93,5,358,1,119641.70,Failed
76530,50,818,5,15,4,20,6,158,5,184276.13,Pending
7856,78,878,4,24,1,94,4,49,4,725741.23,Pending
14060,13,994,1,150,4,6,6,198,3,480855.47,Pending
5332,49,329,1,109,3,83,1,492,1,205068.99,Completed
21744,55,908,1,120,2,46,1,183,2,689972.63,Completed
87320,43,829,4,92,1,51,7,446,4,820630.42,Completed
75314,15,7,2,116,2,76,6,331,4,926033.97,Failed
54187,3,889,5,20,3,76,1,6,4,594699.21,Completed
62990,45,390,2,26,1,90,1,254,3,451532.86,Pending
83516,57,160,4,94,3,51,1,135,4,472222.64,Cancelled
94046,55,772,3,96,2,100,2,444,3,673624.13,Cancelled
34177,58,762,1,53,2,67,4,349,5,103970.16,Pending
28549,61,435,5,108,1,23,5,466,2,708013.51,Completed
15101,57,296,2,136,1,73,1,241,2,969239.20,Pending
50996,70,371,2,61,3,4,2,70,5,375191.37,Cancelled
84095,54,75,3,10,2,46,3,118,1,696505.72,Completed
67901,66,350,2,86,4,5,1,52,5,567886.27,Cancelled
22029,92,344,2,12,1,74,6,416,2,882027.79,Cancelled
52990,95,1042,4,84,4,36,7,87,4,308163.59,Completed
17895,89,1018,5,82,2,17,2,251,4,595866.30,Cancelled
88119,90,753,4,77,1,8,7,391,5,378763.24,Cancelled
89083,31,973,2,101,1,4,2,79,5,49733.19,Failed
36893,95,629,3,116,1,37,6,367,3,513480.68,Failed
34299,5,595,2,81,3,53,4,418,2,548623.23,Pending
35133,69,139,2,83,2,90,1,311,3,91662.48,Failed
23511,37,266,1,119,4,46,7,172,4,864331.84,Failed
93196,83,201,2,87,3,87,4,273,3,576777.76,Completed
54189,75,190,1,16,2,60,1,262,4,813321.37,Completed
66482,82,973,3,60,1,89,4,440,5,518532.83,Pending
51489,19,451,1,47,1,16,4,341,2,859832.19,Cancelled
6251,15,306,4,135,1,89,7,331,3,765118.21,Pending
98390,27,395,4,12,4,47,2,66,2,765579.04,Failed
72520,100,610,3,68,4,47,2,115,4,440991.46,Failed
55368,51,938,1,60,3,86,6,189,4,705437.32,Pending
8935,58,223,4,28,1,7,5,244,2,776857.03,Failed
30446,32,596,1,92,2,80,6,119,4,832442.70,Completed
85141,23,359,5,109,4,1,7,319,4,354311.29,Failed
58833,87,621,2,19,3,85,5,82,3,400587.58,Failed
23028,18,406,3,68,1,36,7,272,3,989181.07,Cancelled
15101,91,885,5,45,1,98,4,490,4,684085.02,Cancelled
21727,68,340,5,150,1,34,4,299,4,78193.97,Cancelled
39370,55,426,5,130,4,38,5,84,5,258357.37,Pending
35823,26,671,4,43,4,26,6,259,4,359706.93,Pending
71299,98,336,1,120,2,12,4,185,4,810770.38,Pending
54696,77,80,2,46,4,46,7,382,3,13950.37,Completed
93625,52,832,2,132,3,20,3,189,3,517850.50,Completed
13018,84,348,3,17,2,71,6,152,4,208270.89,Completed
82476,28,890,4,100,4,92,3,142,3,294568.64,Pending
38769,76,353,1,31,2,76,2,175,5,936228.80,Completed
85982,88,702,5,17,3,77,7,113,2,413590.95,Pending
85054,83,894,1,149,3,33,4,111,1,394886.51,Cancelled
34604,88,705,3,92,1,99,1,437,5,9952.25,Pending
23550,34,539,5,78,1,77,5,193,5,239699.76,Failed
74591,48,559,4,5,3,47,7,83,5,756661.81,Completed
91995,37,440,3,84,1,76,2,84,4,556926.61,Completed
51528,31,1036,5,92,3,84,5,39,4,166012.32,Failed
13812,52,169,3,106,4,3,4,297,1,492879.80,Cancelled
28215,29,586,1,51,3,16,2,372,1,969101.32,Cancelled
48292,83,938,2,135,3,98,4,66,5,55740.27,Pending
28631,53,1031,1,112,1,90,3,118,1,983815.99,Pending
69812,44,643,4,15,1,71,6,379,3,513061.99,Failed
97605,36,404,4,138,2,41,5,64,2,144595.67,Pending
14532,36,2,1,75,1,39,4,292,1,1982.91,Pending
15648,60,200,5,12,4,7,1,292,4,477657.52,Cancelled
84035,50,1006,4,141,3,2,1,35,1,250027.40,Cancelled
96205,68,157,1,86,3,55,6,320,4,57898.19,Completed
31647,95,531,2,123,2,38,4,480,1,759511.96,Failed
24983,83,189,4,102,1,38,2,268,4,201618.24,Failed
33120,46,576,5,93,3,31,2,29,2,252599.91,Failed
15884,56,929,4,138,4,45,4,435,4,424715.07,Completed
48167,82,678,1,36,4,42,6,372,2,215683.87,Failed
98431,93,99,5,75,2,88,1,325,2,574770.94,Pending
65464,66,226,4,17,3,11,4,71,3,487554.54,Cancelled
47159,80,557,1,125,3,14,7,165,5,656807.97,Failed
88420,58,652,4,90,1,21,5,472,5,268745.29,Cancelled
3115,54,772,5,134,2,39,4,121,5,111385.93,Pending
29277,7,649,3,36,1,42,3,202,3,25506.55,Pending
63762,45,564,5,126,3,8,4,29,3,276014.09,Completed
56938,25,53,3,86,3,30,1,362,4,118563.93,Failed
46071,35,685,4,92,3,90,2,468,4,985032.43,Completed
42111,41,442,2,25,2,86,2,2,1,542456.33,Cancelled
27985,79,494,4,18,1,16,5,99,2,219381.52,Cancelled
14946,61,299,2,148,4,49,3,374,1,512531.55,Cancelled
21031,39,626,1,137,1,75,6,219,5,904464.41,Cancelled
96151,100,887,5,21,4,66,2,116,1,668811.66,Cancelled
64996,41,434,1,6,3,82,4,262,3,46292.11,Failed
98270,44,1091,3,122,3,71,6,93,4,49581.96,Cancelled
83009,3,410,5,96,2,67,1,270,4,997285.80,Failed
66762,86,567,5,63,4,58,6,115,5,658789.24,Pending
89109,10,601,1,97,2,63,4,392,1,465059.71,Cancelled
23539,12,452,1,4,2,95,3,98,1,427808.36,Pending
13137,98,68,3,66,3,79,5,378,1,72252.12,Completed
81046,74,210,5,75,3,44,3,467,4,448508.59,Failed
81590,25,811,4,13,4,39,1,128,2,186194.09,Pending
30549,7,1063,4,7,1,50,3,79,3,345306.55,Pending
15141,55,199,3,61,2,52,1,298,3,604748.77,Failed
5949,90,458,5,58,4,90,3,83,5,230926.90,Completed
67561,37,318,1,114,4,56,6,187,2,980548.91,Failed
66937,13,905,1,48,1,35,1,430,4,653401.92,Cancelled
93562,54,353,5,14,2,46,5,141,3,607859.23,Pending
96956,95,728,5,31,2,50,1,199,2,911939.77,Cancelled
83059,8,597,5,19,2,53,4,282,1,368868.79,Failed
90884,40,154,1,45,2,50,4,351,4,150550.21,Cancelled
87433,67,219,3,44,4,62,7,184,5,917158.56,Failed
39481,59,139,3,36,1,49,4,131,1,326796.43,Cancelled
66141,37,349,5,138,4,32,4,271,2,168450.18,Pending
10821,17,1023,4,131,2,27,3,440,3,349584.97,Cancelled
69286,6,601,5,73,4,87,3,263,1,225157.72,Completed
57557,40,216,3,31,2,76,1,278,1,292982.44,Failed
17626,88,471,1,106,4,1,6,327,2,488249.62,Failed
77510,97,996,4,122,1,43,2,370,5,700128.21,Pending
70336,76,353,1,20,4,96,1,397,5,747181.68,Cancelled
79850,99,944,2,111,2,62,4,428,4,42750.97,Pending
5126,19,396,2,146,4,15,6,299,2,6835.40,Pending
29509,8,642,4,137,2,97,1,423,5,942857.81,Pending
93426,51,339,3,56,1,23,3,494,5,672799.75,Cancelled
45888,22,7,3,102,1,99,4,310,1,735694.60,Cancelled
32364,78,451,5,12,3,72,4,318,4,310913.19,Completed
91426,87,1088,1,42,3,14,3,11,2,927604.46,Cancelled
36944,66,413,4,84,1,21,7,354,4,380956.98,Completed
78482,80,193,4,10,4,81,1,123,3,657253.58,Failed
54179,10,357,4,48,1,12,4,336,2,597264.66,Pending
6768,60,696,1,19,3,75,5,386,3,763305.63,Pending
15023,39,885,5,143,1,20,1,288,3,556392.84,Pending
93247,63,746,5,145,4,49,7,434,4,413871.12,Cancelled
80435,15,690,1,30,4,21,3,371,1,272236.50,Pending
31469,55,873,5,92,2,28,6,33,2,870475.87,Cancelled
90624,71,771,3,128,4,32,7,408,5,146676.63,Failed
73746,7,999,5,34,4,49,7,169,3,823925.46,Completed
90281,67,28,3,6,2,40,1,153,2,608022.56,Pending
37314,15,977,4,66,1,87,7,248,1,215060.78,Cancelled
44371,81,349,4,66,2,62,6,477,1,715175.17,Completed
42227,2,557,4,23,3,92,4,334,2,379622.88,Failed
13034,61,487,4,6,3,98,5,81,3,388857.05,Failed
12053,5,310,4,51,4,6,6,444,4,57305.85,Completed
48854,67,995,2,25,4,16,5,480,1,293869.29,Cancelled
22125,17,336,4,60,1,73,1,70,4,784014.38,Cancelled
50660,6,882,2,42,4,63,2,179,2,732651.65,Completed
84216,60,887,2,121,3,60,1,184,4,142784.17,Failed
64135,88,709,5,20,4,77,6,378,4,616571.73,Failed
49955,65,151,3,56,2,20,5,352,2,138835.66,Cancelled
28531,23,660,2,137,2,72,6,246,1,951357.61,Pending
11353,21,689,3,34,2,43,6,457,3,720647.88,Completed
72933,50,696,3,37,2,46,6,202,1,891185.50,Completed
75955,54,826,5,32,2,85,5,331,3,428635.17,Cancelled
59662,82,36,1,15,4,87,7,24,1,899673.00,Failed
8604,97,566,5,3,4,28,4,313,5,455588.59,Cancelled
18001,47,648,4,23,2,3,3,480,3,116576.93,Completed
75901,94,583,4,85,1,59,4,264,4,459247.53,Cancelled
41011,17,549,5,133,1,86,1,322,3,760932.33,Completed
25020,13,218,2,41,2,15,2,157,5,209176.66,Failed
39516,37,792,1,35,4,9,5,110,4,497745.93,Pending
42515,79,13,2,83,1,85,5,384,3,79745.33,Cancelled
47821,90,673,4,150,3,75,5,123,4,378134.37,Failed
61811,50,395,2,22,1,43,7,422,4,101065.14,Cancelled
69919,1,1027,1,69,1,100,5,64,4,277746.75,Cancelled
30743,58,809,2,130,4,87,5,500,2,841634.19,Failed
44328,7,489,4,65,1,4,5,383,3,849850.45,Pending
8107,5,361,2,47,2,4,5,245,4,241336.82,Failed
72788,89,591,3,91,3,90,5,455,3,693799.17,Failed
16474,20,498,2,30,4,33,3,251,2,462842.65,Pending
51035,47,421,5,14,2,87,4,115,2,759464.03,Cancelled
74787,93,221,3,121,4,3,5,458,4,535280.87,Completed
22125,64,176,3,121,2,34,1,267,3,225920.57,Pending
94180,17,850,3,139,2,6,3,63,3,809829.96,Pending
25759,89,869,1,136,3,6,6,21,2,349035.89,Failed
67313,39,1071,4,30,2,100,2,26,1,961622.10,Failed
27496,22,611,3,65,2,66,1,168,3,935843.99,Pending
37434,66,766,2,148,2,64,6,299,5,462366.06,Pending
14159,93,591,5,104,4,28,5,287,4,923467.39,Pending
36332,49,316,4,4,4,82,6,379,3,436997.52,Cancelled
6903,21,411,5,81,3,44,2,130,1,735192.52,Cancelled
17668,84,40,4,89,4,43,6,218,2,19903.97,Pending
90534,100,152,1,93,1,36,3,151,5,767490.11,Failed
23598,68,313,3,20,2,45,1,170,5,741576.53,Completed
78802,14,898,3,10,2,74,6,308,1,79010.69,Completed
64896,69,1053,5,115,4,52,5,14,5,830785.22,Cancelled
81735,50,1032,5,116,1,2,2,182,2,595023.72,Cancelled
26649,75,205,1,78,4,46,6,376,2,801041.25,Failed
91677,15,528,1,3,4,14,5,198,3,697344.94,Failed
73210,75,32,2,32,2,36,6,440,5,358420.91,Completed
65831,46,400,2,104,3,30,1,176,3,394083.92,Completed
87457,35,1094,1,41,2,81,7,297,5,2152.00,Failed
51120,65,988,5,55,1,8,1,261,1,409388.37,Cancelled
59538,68,989,2,148,4,74,1,336,4,88079.70,Failed
92085,59,176,5,108,1,68,2,237,3,14908.60,Cancelled
79154,66,628,4,54,1,11,6,448,3,105728.81,Cancelled
92201,97,739,4,130,4,59,2,470,1,499208.10,Cancelled
66761,92,188,5,100,1,20,4,76,4,463288.10,Pending
81639,97,466,2,46,2,79,6,435,3,339780.55,Pending
36024,13,709,5,107,4,88,2,73,1,540149.04,Cancelled
5590,28,436,3,49,1,31,4,229,1,466106.23,Cancelled
76456,13,661,4,71,4,78,6,16,5,462298.07,Completed
91209,50,352,3,79,2,16,6,409,1,13725.55,Cancelled
19996,69,1066,1,120,4,69,2,86,3,456220.00,Failed
24970,70,838,1,150,3,28,3,281,4,398126.28,Completed
62929,79,935,5,138,1,62,1,452,4,297065.92,Failed
16286,47,133,5,107,2,43,6,431,3,663731.11,Pending
75270,41,269,4,87,2,17,2,45,4,32589.04,Failed
64951,97,493,5,10,4,94,6,394,5,700245.87,Pending
31261,94,118,3,70,2,24,4,452,2,975496.79,Failed
10614,70,368,1,112,1,62,7,208,4,951256.11,Pending
31150,69,701,5,143,2,66,5,69,1,850762.31,Completed
34096,96,499,1,53,1,66,1,423,4,748750.09,Failed
12846,15,209,1,141,3,46,4,105,4,509988.17,Pending
21002,58,533,5,26,4,30,1,367,4,777355.13,Failed
90229,12,170,4,90,1,100,3,115,5,986503.76,Cancelled
70858,88,867,1,32,3,30,2,456,3,428225.57,Failed
88737,27,511,3,127,1,59,5,348,1,625308.66,Completed
25505,70,618,5,41,1,36,7,89,2,963265.73,Failed
15980,35,484,3,123,4,74,1,290,3,991741.23,Cancelled
58603,82,825,1,7,2,77,5,276,3,287608.75,Failed
91403,2,107,4,125,4,54,5,191,2,160684.49,Pending
61533,57,302,3,81,1,34,4,349,1,279199.67,Completed
24631,11,367,1,75,4,43,4,182,1,352293.09,Pending
5291,7,462,3,47,1,95,7,354,5,317664.74,Pending
39196,36,365,3,35,2,28,5,263,4,165568.05,Pending
87097,30,502,2,42,1,24,4,439,4,26400.33,Completed
80001,88,1000,3,44,2,63,4,477,5,972085.32,Failed
29331,12,614,4,128,1,54,7,430,3,954423.62,Completed
3585,97,569,2,147,2,87,1,398,1,699476.83,Completed
50552,71,31,5,128,4,77,5,272,1,766488.71,Completed
11279,67,29,4,133,1,29,7,277,5,182872.44,Failed
49809,8,930,3,101,4,34,2,250,3,139740.80,Failed
25053,4,509,5,34,1,63,1,121,1,295702.45,Pending
87329,78,27,3,97,1,36,3,6,1,17197.55,Cancelled
51415,82,879,4,14,1,90,5,339,1,456830.59,Cancelled
68043,93,356,3,57,1,92,4,286,5,203565.57,Failed
87433,92,549,1,73,3,61,5,97,5,501005.64,Cancelled
86936,32,910,3,5,2,41,6,383,3,660340.39,Completed
70652,56,919,1,68,1,79,3,477,5,399669.63,Cancelled
46725,87,252,4,83,4,15,4,248,3,177952.30,Failed
65099,37,148,1,101,4,47,2,104,2,404884.06,Completed
14337,61,311,3,45,3,16,1,187,5,237033.76,Failed
14058,40,287,3,56,3,31,6,468,2,164743.64,Completed
99039,67,698,2,49,2,39,1,419,4,882495.55,Pending
50384,29,171,5,126,2,65,5,134,4,973010.50,Completed
37862,32,982,3,136,2,3,7,162,4,872353.14,Failed
94265,12,707,2,134,1,11,3,241,5,709286.25,Cancelled
92007,59,405,2,85,1,38,6,384,1,161752.50,Cancelled
74896,19,253,2,145,1,74,6,63,3,836850.28,Completed
99287,24,510,5,93,1,62,4,210,1,642227.99,Pending
85136,9,800,4,96,3,95,5,355,1,407456.88,Completed
17615,29,15,5,78,1,45,4,53,1,736744.70,Pending
82291,77,399,5,122,3,74,7,301,1,108491.04,Failed
7974,14,635,2,143,2,25,6,175,4,685867.23,Cancelled
54743,57,825,5,10,2,63,2,133,1,48743.62,Cancelled
45218,72,886,5,83,2,40,7,235,5,485237.02,Cancelled
58290,42,931,5,36,2,93,6,174,3,924223.99,Failed
85397,42,900,1,44,4,19,3,418,5,571912.04,Cancelled
36545,68,668,5,65,3,46,2,294,5,501084.83,Pending
54877,27,225,1,81,4,87,1,358,1,670357.24,Failed
82356,34,829,3,120,2,1,1,259,4,830026.13,Pending
77319,14,64,1,139,3,46,5,257,4,100090.13,Completed
24767,68,197,3,1,3,37,4,34,1,456909.67,Pending
32868,32,359,4,70,3,77,4,130,1,658573.60,Failed
19858,20,819,1,117,3,97,7,292,4,393218.11,Failed
23658,24,44,3,4,2,49,4,302,5,94934.51,Pending
62829,30,540,2,50,1,83,2,324,4,348442.28,Pending
54054,35,516,5,48,2,81,3,37,1,414311.60,Cancelled
48265,71,139,4,21,2,60,7,200,2,421159.55,Failed
92649,24,283,5,108,1,81,6,435,1,330577.51,Completed
63478,17,28,5,5,4,16,4,389,3,274602.47,Pending
14412,41,957,2,42,4,98,1,370,1,917931.51,Cancelled
38144,54,1057,1,50,4,65,4,141,4,502741.93,Pending
83896,30,721,3,21,3,57,6,362,1,884563.88,Cancelled
23841,38,982,2,84,3,73,7,92,2,491074.31,Pending
3813,30,238,3,98,3,63,3,477,2,955709.34,Failed
24031,73,134,1,13,2,83,5,79,3,961719.51,Pending
62627,35,531,5,140,2,35,4,56,3,593718.49,Cancelled
19374,74,185,1,143,3,63,6,337,2,216174.29,Pending
57551,97,263,4,35,2,44,7,411,5,556662.97,Cancelled
23444,57,939,1,80,3,71,2,9,1,940005.38,Completed
6892,39,1084,5,49,2,79,5,370,1,336803.47,Completed
37186,54,621,1,126,4,68,6,126,2,73799.96,Failed
77580,90,102,4,137,3,78,6,47,1,412484.02,Pending
58081,78,316,2,106,1,40,4,28,5,127111.94,Failed
97341,19,56,4,132,3,68,5,477,5,820316.91,Completed
88095,53,989,5,62,4,7,5,47,5,266222.35,Cancelled
9895,50,274,2,110,3,31,1,54,4,972252.97,Cancelled
67228,23,733,2,5,3,54,3,361,5,433986.97,Failed
33865,22,1092,5,108,2,52,7,415,2,570354.87,Pending
47326,60,299,4,63,3,45,6,77,2,607378.66,Pending
85553,81,433,4,103,1,26,2,122,1,128582.29,Completed
67214,83,612,1,85,3,67,6,447,1,127668.52,Completed
66673,49,631,4,139,3,55,4,405,2,843157.49,Cancelled
20720,62,84,1,41,4,55,4,205,4,324684.98,Completed
79991,26,1093,3,13,1,88,2,120,4,149911.87,Failed
87517,78,261,2,129,4,89,4,72,1,854812.08,Pending
43695,21,789,2,97,3,46,3,357,2,971641.14,Cancelled
1434,82,397,3,92,1,74,6,161,5,988002.21,Pending
55196,19,458,3,10,4,35,3,359,3,521429.02,Failed
89474,2,437,2,30,4,80,7,425,5,272190.61,Pending
95703,87,83,2,124,1,31,7,147,3,585685.20,Pending
40141,65,870,3,112,1,21,4,31,2,486079.10,Cancelled
39749,4,382,5,66,4,90,5,414,4,423733.20,Pending
44917,15,7,5,17,2,3,4,302,4,148690.57,Failed
80149,65,226,4,8,4,12,3,375,4,52390.63,Cancelled
77867,61,141,4,148,4,75,2,153,2,797020.10,Pending
48392,93,1072,1,70,1,100,4,117,5,892967.05,Pending
16843,19,479,5,72,3,46,6,83,5,951645.50,Failed
19679,78,229,2,65,2,13,2,256,5,201035.20,Completed
86007,19,100,4,143,3,61,5,408,4,324483.26,Cancelled
95222,6,336,2,64,2,34,7,161,3,670151.49,Failed
78351,9,370,3,34,2,6,4,495,1,771789.35,Pending
97216,71,206,1,38,2,53,1,220,1,44024.47,Completed
98291,12,114,4,82,3,76,1,63,2,431360.29,Completed
95527,86,692,5,122,3,49,1,317,3,905766.61,Completed
77823,4,107,1,20,3,64,4,150,5,776586.06,Pending
82237,54,906,5,144,1,43,4,500,2,77643.03,Completed
85517,10,1046,4,143,1,28,7,488,1,390528.09,Cancelled
98194,99,109,1,53,1,1,5,298,3,380443.00,Pending
48140,33,724,3,144,3,90,2,158,5,844320.58,Pending
26274,71,1079,2,118,2,60,1,416,5,7620.59,Failed
11478,41,62,1,45,4,21,2,320,1,827202.95,Failed
24196,92,826,1,102,2,82,2,128,1,846243.82,Pending
45172,7,590,1,22,2,85,2,17,1,461285.98,Failed
66060,25,181,3,35,1,81,6,356,2,760013.59,Cancelled
4098,20,919,3,115,3,52,3,257,4,931429.39,Cancelled
34421,2,298,3,64,3,86,6,112,1,523831.75,Pending
53602,40,494,5,115,1,64,5,60,3,545687.89,Failed
11004,4,366,5,73,4,100,7,266,3,818458.29,Pending
87511,36,924,3,28,1,70,2,433,2,8378.73,Failed
17885,66,906,2,113,4,87,1,73,3,510956.92,Pending
84001,53,174,3,122,2,41,5,402,1,116982.08,Pending
42221,84,577,2,69,3,37,7,261,4,462375.03,Cancelled
16300,45,580,3,127,4,90,2,372,2,848196.62,Completed
54115,70,287,1,124,3,64,6,387,2,105181.81,Pending
55379,82,748,4,65,3,83,1,202,3,975231.77,Failed
59395,72,793,4,130,2,72,1,365,5,506066.53,Pending
46956,71,786,4,63,4,34,3,166,3,677878.27,Completed
40582,35,179,1,134,4,46,6,257,5,145863.57,Cancelled
74699,56,645,2,131,2,9,6,426,4,994782.99,Pending
88200,6,185,3,85,4,69,2,248,1,376906.20,Completed
16431,83,750,4,68,1,48,7,271,5,741300.81,Failed
57926,39,409,3,76,3,75,4,184,1,298051.73,Completed
99479,70,898,1,49,4,43,1,84,2,152274.86,Cancelled
81573,65,856,1,93,1,69,6,56,5,630121.47,Pending
4355,91,520,5,41,2,68,3,468,3,440234.17,Failed
18230,62,384,4,87,4,85,3,175,3,803181.15,Completed
70353,61,301,4,134,2,14,5,38,5,738678.75,Failed
32181,13,44,5,48,3,23,3,44,1,21603.20,Completed
75427,8,1025,5,23,1,66,3,298,2,586521.45,Completed
98758,40,892,1,108,3,40,3,132,4,974501.19,Completed
21071,43,220,1,145,2,62,4,98,5,889061.58,Failed
51453,87,193,5,141,2,97,7,217,1,107315.27,Pending
54914,9,362,3,90,2,37,5,411,4,956792.26,Completed
76830,77,1014,3,57,4,38,4,317,3,664207.47,Cancelled
67520,43,186,3,49,2,86,3,284,4,552827.57,Pending
62174,28,845,2,127,1,95,7,153,3,500839.26,Failed
11202,100,40,3,124,4,74,5,72,2,390346.56,Pending
45573,75,504,2,75,1,33,3,16,2,200978.53,Cancelled
53092,42,1066,1,147,4,9,6,15,3,693701.83,Completed
80631,38,475,2,141,1,57,4,300,4,493702.05,Pending
88448,50,195,1,54,2,83,3,41,3,65302.74,Failed
6238,34,787,4,113,3,31,5,364,1,478616.43,Pending
59109,45,810,5,9,3,10,6,314,5,443525.68,Cancelled
72465,19,120,3,63,1,27,1,132,4,991741.76,Cancelled
1937,82,428,3,57,1,70,2,213,3,385125.83,Cancelled
97100,82,1060,4,79,4,66,7,498,1,203861.13,Failed
9982,28,319,4,124,2,31,7,125,1,81932.22,Failed
38872,59,440,2,55,2,33,1,417,2,70901.64,Failed
78901,28,951,3,67,3,10,4,359,4,165871.98,Cancelled
83387,30,693,4,7,3,78,3,240,3,386897.44,Completed
45898,10,370,5,82,1,89,7,218,2,350856.49,Completed
63007,15,633,1,123,4,1,3,50,2,705481.27,Completed
72662,20,585,1,53,2,11,6,394,5,669581.27,Failed
49051,92,463,4,85,4,51,6,236,2,270159.06,Cancelled
29138,77,956,5,50,3,44,7,374,3,346943.99,Completed
74674,74,790,1,66,3,80,3,80,1,465611.88,Failed
45713,56,392,3,61,4,45,4,21,1,441596.82,Completed
44844,82,897,1,73,2,35,4,411,2,164495.87,Failed
59869,46,414,4,105,1,31,1,85,1,837725.13,Failed
13883,73,474,3,77,1,55,5,210,3,150980.49,Completed
80374,100,896,4,28,2,59,5,500,4,993433.74,Completed
35602,77,883,2,47,2,94,3,161,1,621114.41,Completed
68163,75,770,2,31,1,58,4,281,3,947357.19,Pending
80330,10,922,5,144,1,19,5,241,1,390957.98,Pending
35240,62,665,3,92,2,99,6,21,4,886370.90,Cancelled
8484,38,14,4,58,3,53,5,13,3,965763.31,Completed
12585,48,806,5,8,1,27,3,359,1,158995.44,Pending
92444,94,710,4,45,1,81,1,284,3,661742.84,Failed
73198,97,981,4,134,4,46,7,189,3,14006.10,Cancelled
96035,84,389,4,130,3,2,6,190,3,232853.08,Cancelled
81753,80,1008,4,148,4,35,7,115,2,413148.11,Failed
84557,87,800,5,13,2,48,2,307,1,312302.07,Failed
84122,18,723,3,110,2,78,6,91,1,967495.16,Failed
8533,25,965,4,141,1,47,2,384,1,310175.16,Completed
51150,18,1077,3,75,3,84,5,246,4,175141.91,Pending
35845,9,284,4,8,4,41,6,420,2,820229.92,Completed
24861,96,365,2,5,4,41,1,479,3,829232.56,Cancelled
46976,46,410,3,90,4,9,4,387,2,662324.33,Completed
63933,75,444,3,20,2,78,2,93,4,474203.37,Failed
18203,42,336,1,14,2,23,7,405,3,611375.87,Cancelled
73860,40,456,3,11,1,70,2,350,5,277709.83,Pending
22222,100,500,1,113,4,39,2,252,4,500462.68,Pending
8683,56,269,3,104,4,77,3,226,5,504609.42,Completed
98661,80,272,4,8,1,2,7,420,5,829365.85,Failed
70748,84,210,4,14,1,23,6,477,4,671627.12,Failed
77690,66,457,4,119,1,56,7,74,5,347660.13,Failed
53619,27,727,1,59,4,43,4,281,3,318877.47,Failed
97694,91,261,1,90,4,38,3,238,5,665941.87,Cancelled
17050,37,1020,5,147,4,79,3,75,3,96828.82,Completed
72249,89,419,2,79,4,49,2,246,3,415877.78,Failed
41626,35,929,4,51,4,80,7,283,2,214204.08,Completed
16613,28,199,4,114,2,92,2,140,1,771982.82,Failed
41507,59,580,4,24,1,84,1,475,2,360454.55,Failed
91113,40,595,3,55,1,48,4,73,4,286309.95,Failed
57402,53,795,4,80,2,34,6,381,1,238042.59,Cancelled
86576,21,459,5,42,2,78,2,161,3,137434.66,Completed
66169,26,704,4,117,2,9,5,483,4,745356.33,Completed
69466,10,195,5,70,1,32,5,68,3,239811.48,Completed
88062,96,934,5,41,3,88,6,391,3,976291.94,Completed
65711,27,941,3,24,2,54,4,472,3,459646.44,Completed
24670,19,169,3,57,1,41,6,343,1,254933.35,Failed
88541,42,583,3,54,3,50,1,442,1,753830.93,Completed
30984,89,1018,5,77,3,3,3,223,3,462963.55,Pending
26998,76,401,5,34,4,100,4,264,4,74755.47,Completed
90419,84,239,1,12,3,47,1,464,5,131310.81,Failed
9909,69,742,3,142,3,59,3,53,2,788022.64,Completed
84587,69,155,3,141,4,91,7,386,3,757876.41,Pending
71095,4,919,5,134,4,17,4,353,1,671626.62,Completed
39837,45,18,1,85,1,61,2,17,5,389597.02,Failed
16636,55,502,3,73,3,43,6,22,3,650546.81,Completed
35667,3,1032,2,80,4,99,6,34,4,803690.88,Completed
36280,58,468,2,50,4,42,4,240,4,251007.70,Completed
89063,42,213,3,148,1,7,2,479,4,518314.80,Pending
98576,99,395,1,37,4,91,4,197,4,755751.27,Completed
22060,2,65,2,111,2,23,5,33,5,274801.50,Pending
98222,78,911,2,2,1,3,1,356,5,245541.00,Completed
3015,56,484,4,12,1,71,3,375,4,370775.86,Pending
64623,90,128,1,21,1,27,4,167,5,646669.73,Failed
86389,81,624,3,147,1,65,2,110,1,623332.24,Pending
5510,6,326,3,116,1,73,4,26,5,462925.46,Cancelled
94146,90,104,3,103,1,2,5,176,1,552689.16,Cancelled
15997,52,111,1,143,3,55,7,204,4,736432.08,Completed
51167,84,743,4,11,4,13,7,399,2,793406.27,Pending
85587,38,498,4,38,3,23,4,150,2,904495.24,Cancelled
59769,65,979,3,90,2,89,4,201,2,675361.90,Cancelled
45346,95,899,4,1,4,21,7,23,3,124581.20,Pending
83039,28,35,2,123,3,26,7,76,2,543731.51,Pending
77774,95,66,5,78,3,4,7,223,5,162876.76,Failed
5782,99,209,5,146,3,20,4,233,4,260739.16,Pending
75400,24,69,5,26,4,83,4,447,1,228227.60,Pending
7664,41,238,3,148,1,33,6,116,5,658427.64,Completed
34107,82,678,1,98,2,40,3,430,3,387778.54,Pending
92401,99,40,5,3,4,52,2,378,2,30305.13,Completed
11837,65,976,4,89,3,26,7,255,5,144390.82,Pending
32680,16,1080,5,27,1,56,5,183,2,19314.91,Failed
67242,84,601,4,105,3,33,3,112,5,126483.82,Completed
9989,47,808,4,124,4,60,7,156,2,162138.19,Completed
68759,81,303,3,18,4,98,7,377,1,463812.83,Completed
29001,87,41,1,53,1,96,3,412,2,574089.74,Cancelled
59194,58,866,2,107,1,18,5,157,1,907694.63,Cancelled
21540,84,362,4,114,2,10,5,444,3,857580.94,Completed
44266,26,268,1,137,3,98,6,160,1,515195.13,Completed
21611,63,653,2,26,4,68,6,361,5,656678.87,Pending
77909,39,676,3,97,3,94,5,35,3,446257.97,Failed
40271,16,201,4,47,2,16,6,92,2,574228.25,Pending
95380,38,399,4,85,2,46,6,313,3,392083.53,Pending
53308,41,759,5,145,1,16,7,165,4,789479.44,Pending
92931,93,561,2,9,1,72,4,468,3,231143.83,Failed
35379,24,746,4,8,3,56,6,82,2,37774.62,Pending
79419,27,698,4,46,3,74,7,105,3,116586.52,Completed
42087,10,44,3,109,2,53,3,193,1,569257.60,Cancelled
23713,14,368,2,132,2,21,4,361,3,914460.03,Completed
57558,4,995,1,122,2,75,1,456,2,377434.75,Cancelled
67236,78,4,5,64,3,36,4,461,4,860193.72,Pending
7658,80,882,4,11,4,18,6,469,1,452320.14,Failed
26431,45,964,5,50,1,12,2,68,4,674513.78,Failed
94200,78,883,1,129,1,42,3,127,4,143240.96,Completed
14785,82,820,1,140,1,23,7,218,3,734509.40,Cancelled
50311,59,71,1,102,3,54,5,64,2,675985.10,Failed
45767,67,884,1,48,4,14,4,312,4,642077.96,Cancelled
66239,50,594,5,42,4,10,3,491,2,171152.81,Failed
49579,35,985,1,89,1,40,3,24,5,327195.02,Failed
94615,21,936,1,86,2,84,7,364,5,763505.32,Failed
80386,11,338,3,70,3,92,6,380,4,658550.80,Failed
17706,78,726,3,148,3,33,6,107,1,327845.74,Pending
80908,10,398,5,73,3,70,2,459,4,452496.28,Failed
76694,97,161,5,138,3,82,2,159,2,440430.65,Cancelled
15656,65,725,3,94,1,17,1,265,1,272216.37,Cancelled
97342,59,1034,3,67,4,7,6,399,1,770850.99,Completed
56590,32,972,1,127,4,75,4,335,4,392658.72,Completed
57198,100,1039,3,142,2,40,5,469,1,710525.40,Completed
21201,10,604,3,34,2,87,4,301,3,134866.13,Pending
91990,63,230,2,79,4,96,4,356,4,456409.18,Completed
6140,92,180,2,66,1,2,7,223,4,791213.30,Completed
24722,57,580,5,67,3,76,5,420,2,919557.25,Completed
9325,49,905,5,78,2,8,1,480,5,460009.20,Failed
97370,42,546,2,103,1,14,1,51,2,768353.19,Failed
42270,95,742,5,15,3,28,1,76,5,333763.72,Completed
68516,76,665,2,53,1,77,2,350,2,618894.58,Cancelled
54686,27,846,3,83,3,71,5,422,5,434080.14,Completed
11864,48,770,4,96,2,97,3,31,4,357080.06,Failed
84885,51,852,1,49,4,91,7,474,5,629045.61,Cancelled
86649,98,556,2,81,3,34,2,376,2,369434.63,Completed
80923,96,575,5,92,2,54,2,391,1,583996.55,Completed
23427,11,104,5,36,1,30,3,274,2,252696.82,Pending
1865,82,463,5,55,4,99,2,180,1,285150.20,Pending
91757,62,49,3,36,2,93,6,404,3,761216.37,Completed
71839,27,716,2,41,1,98,6,13,3,862099.87,Completed
56504,56,27,1,92,4,1,1,153,5,770588.09,Failed
33163,98,362,4,134,3,87,6,355,4,291368.87,Cancelled
82568,59,257,1,57,1,46,3,86,5,691123.04,Cancelled
44443,5,881,2,129,3,58,4,243,2,74788.56,Completed
27311,17,84,5,147,3,5,5,53,1,244898.09,Completed
88535,59,391,4,64,2,32,1,304,5,275082.15,Completed
46271,2,374,3,68,1,34,7,230,1,939239.23,Completed
45913,30,979,1,39,3,54,7,94,2,309047.13,Cancelled
35563,34,364,1,106,2,79,1,147,4,798989.10,Cancelled
4555,53,483,3,114,3,62,4,391,4,102371.69,Completed
94380,83,92,3,91,1,1,7,309,4,448006.84,Cancelled
89511,48,470,4,125,1,22,2,495,3,958366.81,Completed
49379,45,421,2,41,2,71,6,194,5,720456.76,Failed
2423,50,748,1,110,2,60,3,453,1,122119.75,Pending
13521,88,476,5,110,3,68,4,389,2,861657.33,Failed
58468,68,36,1,126,3,98,6,72,2,317835.51,Cancelled
79908,59,122,4,91,2,35,2,201,1,914422.00,Completed
45902,51,997,3,137,2,98,5,118,4,436878.90,Failed
20384,88,264,1,87,2,11,2,154,3,459275.06,Cancelled
75087,86,777,3,78,4,50,3,268,4,856867.15,Failed
83997,96,732,5,26,3,42,7,72,1,358230.73,Completed
57955,47,731,4,64,4,4,2,335,4,16810.11,Completed
1110,94,1093,3,131,2,15,3,132,4,71945.53,Pending
25238,92,1088,4,72,1,14,1,317,2,364360.91,Cancelled
62211,100,845,2,18,3,10,6,57,4,333386.74,Pending
33248,83,400,3,139,4,88,1,49,5,451987.96,Cancelled
4630,68,388,1,20,1,1,5,500,4,488622.52,Pending
64254,27,1009,4,70,2,82,5,148,2,911353.95,Cancelled
46858,60,850,3,128,1,29,4,398,2,478177.19,Completed
78147,71,31,5,68,4,52,4,161,3,568141.54,Pending
52914,19,567,1,105,2,68,5,214,1,345403.38,Completed
75731,31,1085,3,92,1,87,4,326,1,281203.32,Completed
42014,51,735,1,99,4,54,1,325,3,515693.37,Cancelled
12528,73,71,2,51,4,84,5,393,2,396691.45,Pending
44825,55,248,3,103,4,76,4,184,1,172950.58,Cancelled
21473,57,76,3,26,4,24,1,251,5,163513.81,Pending
20447,68,50,3,5,4,10,7,305,1,308641.87,Cancelled
47430,65,99,3,129,2,38,1,301,5,124467.22,Failed
79824,8,305,5,88,4,78,5,42,3,299469.58,Failed
77265,27,680,5,54,3,27,6,161,4,964381.58,Cancelled
72944,60,960,1,100,1,27,1,46,4,418023.74,Pending
22520,49,135,3,29,1,51,1,149,1,602512.92,Failed
99550,20,619,2,18,3,9,7,212,5,128630.43,Cancelled
47445,67,744,2,3,1,60,3,450,2,825845.75,Completed
76007,9,761,4,91,1,72,5,328,5,695689.56,Completed
79910,32,448,1,124,3,46,4,382,5,282066.88,Failed
12723,36,933,2,81,1,83,1,211,1,291317.42,Cancelled
33184,66,1067,3,56,1,14,2,364,3,878366.24,Completed
72552,63,208,2,35,1,8,1,389,5,554787.87,Pending
77558,36,1045,4,135,3,68,1,232,4,218223.47,Cancelled
10711,100,364,4,12,1,47,5,141,5,644677.51,Cancelled
77597,63,210,1,111,3,34,1,349,1,299185.38,Pending
1637,96,937,3,47,3,85,3,158,1,110642.01,Completed
23129,71,1085,5,146,4,72,3,158,1,528735.03,Cancelled
89965,75,108,1,24,2,5,4,30,5,968940.27,Cancelled
5025,66,162,3,14,3,94,3,56,5,445143.39,Pending
37541,88,878,2,114,1,66,3,66,2,891100.76,Pending
55758,45,613,4,31,1,53,6,480,2,519639.31,Failed
85937,53,672,2,78,3,29,3,361,1,607402.66,Pending
25481,84,452,3,30,3,16,1,45,4,996667.92,Pending
50251,83,276,2,72,4,14,7,170,4,340286.12,Completed
50713,48,726,2,51,3,79,4,248,5,712308.56,Cancelled
72969,97,646,5,101,1,11,7,314,5,114795.77,Pending
10661,38,758,2,75,1,89,7,304,2,862903.60,Cancelled
74840,33,36,3,73,1,10,2,377,2,730357.73,Failed
79852,66,640,5,16,4,41,6,455,3,948352.51,Completed
55858,63,1089,1,106,1,79,5,24,2,4695.93,Cancelled
62330,6,504,3,41,3,100,4,341,1,609459.74,Failed
51501,5,973,1,45,3,34,5,444,2,452671.90,Completed
32279,50,683,2,49,3,73,4,138,5,450692.07,Cancelled
84909,93,740,1,63,1,1,6,118,1,458396.27,Pending
4295,86,268,3,79,4,19,1,46,5,69353.77,Pending
40473,71,300,3,12,4,91,4,427,5,623052.95,Completed
17817,55,42,5,108,1,70,2,269,4,405137.64,Completed
41362,12,1044,3,1,2,23,4,21,3,438609.74,Pending
62034,83,159,1,140,4,2,2,368,5,674433.71,Failed
83150,97,919,3,62,4,14,4,97,3,237081.68,Pending
51943,25,329,5,142,1,11,4,210,5,527201.99,Pending
78997,96,655,1,125,2,34,1,303,2,647889.69,Failed
46469,57,108,1,41,4,17,2,440,5,908917.96,Cancelled
19835,86,736,1,35,2,50,6,390,1,220823.95,Completed
28278,51,44,3,107,2,94,5,74,2,480340.87,Cancelled
77485,1,749,5,134,4,89,2,323,2,564803.33,Pending
25129,96,19,3,104,2,2,1,213,1,591807.91,Pending
31937,73,644,3,49,1,24,6,376,3,9842.29,Completed
31924,10,128,2,149,4,37,6,168,3,239124.24,Cancelled
28332,11,333,2,126,2,24,3,248,5,572915.47,Completed
26616,17,92,2,42,1,66,6,21,5,757466.25,Cancelled
92595,97,100,2,134,3,33,5,381,5,492949.76,Failed
54878,29,967,2,59,2,57,4,286,3,328237.18,Pending
68902,32,593,3,70,2,96,2,154,1,983371.56,Cancelled
50889,47,405,2,136,3,74,6,255,1,382275.40,Completed
37289,70,523,2,31,4,35,6,120,2,601221.09,Failed
10028,2,570,5,71,3,53,5,341,3,67552.14,Failed
66905,65,1020,4,100,3,33,5,133,5,667563.43,Pending
64323,86,1048,1,126,4,54,6,183,5,904038.38,Cancelled
94913,40,313,4,122,3,26,2,396,4,148676.51,Pending
48115,38,798,2,110,4,35,5,226,5,329500.74,Completed
39615,10,279,2,2,3,74,3,218,1,996264.49,Pending
81792,41,151,1,89,4,52,2,375,5,818187.21,Completed
7055,85,266,2,88,2,47,2,54,5,454290.74,Completed
10916,5,393,2,40,2,51,6,185,5,874185.02,Failed
34053,16,881,5,148,1,100,4,227,1,318020.42,Completed
47652,62,446,3,43,1,18,5,117,1,958160.05,Failed
92364,68,794,1,132,3,46,4,22,2,965332.15,Completed
75217,27,39,2,4,4,75,1,384,1,336140.38,Pending
88561,67,954,3,146,1,17,7,356,3,122408.77,Failed
21535,95,557,4,80,4,70,2,300,1,715932.22,Completed
5876,32,234,4,2,3,87,6,387,2,23015.04,Failed
58523,37,63,5,30,1,2,5,286,4,32217.87,Completed
83623,9,375,1,4,2,61,7,195,1,122701.75,Completed
64404,90,227,5,45,2,19,6,430,1,552996.79,Cancelled
53804,54,17,3,6,3,69,6,143,1,329735.14,Pending
79794,30,533,5,40,3,83,7,100,4,342428.16,Completed
38391,90,787,3,6,3,96,7,57,5,811931.66,Cancelled
78371,31,434,1,55,4,10,6,205,5,935573.98,Cancelled
69127,66,980,1,6,4,86,4,279,4,565119.22,Pending
70883,5,960,4,131,3,52,6,58,2,218769.34,Pending
62556,43,175,2,33,3,17,3,176,5,562740.90,Pending
85703,58,314,3,129,1,42,3,15,1,310433.09,Completed
26310,51,337,2,49,3,34,7,246,5,913330.14,Completed
30687,89,699,4,100,2,82,7,407,2,497270.29,Failed
35833,94,749,2,95,4,62,5,218,5,367184.13,Cancelled
79864,4,1047,3,6,4,9,1,323,4,161367.99,Pending
41825,58,875,2,15,4,84,5,388,3,328343.52,Failed
36734,12,671,2,135,2,38,3,428,2,940894.69,Failed
15580,27,365,2,81,1,81,6,77,1,11322.05,Completed
67939,75,1,5,28,1,61,2,443,4,926555.58,Completed
89035,86,381,5,145,4,46,6,211,2,863163.24,Failed
83502,20,959,1,75,4,60,7,439,2,644917.61,Completed
67470,73,329,5,121,3,91,6,135,2,959111.15,Completed
23919,53,749,2,108,1,89,6,279,1,656478.40,Completed
63850,2,841,2,6,3,96,7,247,1,372402.75,Completed
81868,6,624,3,123,3,23,6,274,5,44441.66,Cancelled
27539,21,504,4,125,4,58,5,397,4,395985.56,Failed
84588,86,382,5,108,3,15,3,11,4,972561.78,Cancelled
4579,9,770,4,118,3,59,7,409,5,908010.27,Cancelled
77120,65,178,2,107,3,22,6,483,2,850654.65,Completed
72347,14,820,3,126,3,70,7,300,1,247197.62,Completed
5826,19,987,5,31,3,7,7,215,4,964000.99,Completed
31293,92,745,3,118,1,14,3,225,3,202057.18,Cancelled
60477,99,853,3,145,3,70,1,319,5,772602.96,Cancelled
38117,88,427,4,13,4,17,5,178,5,487156.16,Failed
45252,24,185,5,116,3,100,4,188,2,641683.32,Failed
34049,59,953,4,141,3,32,2,92,4,169854.49,Completed
72103,85,576,1,100,3,62,3,116,4,42245.45,Cancelled
34594,32,391,5,101,3,27,4,432,2,495307.42,Cancelled
50448,61,171,1,120,3,25,6,117,4,597952.15,Pending
80673,64,205,1,83,1,14,5,153,4,685622.74,Pending
6335,96,906,2,19,2,71,2,487,2,847764.11,Cancelled
57692,65,382,4,145,3,52,5,145,4,288893.31,Pending
69817,40,794,2,42,3,47,1,240,1,89926.11,Failed
29383,38,211,3,32,1,57,6,182,1,18844.20,Cancelled
80828,62,763,1,99,4,35,6,101,5,547604.31,Completed
71172,99,938,3,21,3,86,7,265,3,668806.21,Failed
39280,26,828,5,120,4,82,5,324,3,724461.44,Completed
82325,89,95,1,94,3,99,3,89,2,412682.03,Pending
31962,53,677,4,114,4,96,3,77,1,925019.61,Completed
35738,17,1082,1,102,2,99,6,497,4,297436.44,Pending
60888,95,921,5,40,3,100,6,302,2,37141.98,Failed
55819,24,169,4,105,1,56,6,38,4,528341.87,Completed
41904,74,444,2,122,3,82,5,285,5,876763.49,Completed
73496,8,293,2,132,3,86,3,464,4,836860.75,Pending
21179,69,285,4,43,1,70,7,77,5,936535.45,Failed
21905,5,934,1,55,3,5,3,7,5,604433.66,Completed
58109,99,299,3,101,4,45,6,421,4,379991.39,Failed
8243,10,643,2,83,1,16,1,209,4,372973.64,Completed
88654,81,956,2,83,4,86,3,316,5,757786.98,Cancelled
19418,84,575,2,54,2,2,4,90,2,47243.12,Cancelled
37837,88,637,3,126,3,53,2,423,2,719015.19,Failed
1106,1,658,3,141,1,76,1,381,5,700122.03,Completed
67309,63,117,1,144,2,84,4,318,1,765944.94,Pending
90900,70,636,2,38,2,21,5,244,5,920702.89,Completed
80025,76,504,3,122,4,53,3,327,1,110121.85,Failed
23624,99,303,4,125,3,86,6,66,5,650491.05,Completed
21576,1,99,1,16,1,18,3,222,2,315478.82,Cancelled
77487,49,370,5,138,1,43,1,493,3,526647.23,Failed
55391,33,573,5,69,4,43,3,237,2,617237.71,Failed
93048,95,135,5,72,2,84,4,24,2,753068.06,Completed
31200,64,429,2,40,3,40,7,172,2,875387.55,Failed
20803,75,1077,5,54,1,2,5,136,3,485002.25,Cancelled
70779,34,464,3,96,4,29,7,291,3,57889.76,Pending
4505,62,958,5,65,4,52,2,424,3,101272.19,Pending
65453,28,490,3,29,1,54,7,105,2,115742.59,Cancelled
43504,67,956,3,127,2,9,5,161,2,184186.86,Pending
33992,72,256,2,65,4,13,2,54,2,252393.64,Failed
9347,33,704,4,108,3,13,3,206,1,826128.20,Pending
87947,88,786,5,120,3,82,5,263,4,344808.57,Cancelled
15357,78,364,3,29,4,25,5,228,4,61809.62,Cancelled
97997,2,581,4,94,4,90,2,337,5,297227.74,Pending
5642,8,855,2,67,4,74,6,393,2,975801.10,Cancelled
53373,52,276,5,117,2,60,3,331,4,258958.21,Completed
25046,27,405,1,147,4,25,4,296,5,114886.93,Failed
74037,67,450,3,49,3,20,1,400,2,667176.58,Failed
30971,93,111,3,133,4,90,6,3,5,792984.42,Failed
65156,72,1038,3,56,2,55,2,273,3,689428.97,Failed
41932,53,934,1,25,3,80,6,433,1,45236.74,Cancelled
45153,69,1074,5,68,2,56,2,90,4,863799.51,Failed
86207,89,771,3,112,1,95,2,63,5,6238.19,Pending
48644,76,934,2,29,1,35,2,73,2,899299.54,Cancelled
8064,6,335,4,60,3,5,5,127,3,494046.92,Failed
93510,49,312,4,134,1,96,2,400,4,200030.85,Cancelled
9591,80,187,5,129,2,75,7,305,2,634939.99,Completed
7187,17,82,4,107,1,77,5,463,2,593762.69,Completed
76454,38,255,1,8,2,4,7,268,3,477189.86,Pending
45109,69,1078,2,64,2,41,2,14,3,716084.61,Pending
58361,54,610,3,31,3,14,1,389,5,33713.36,Pending
92199,92,442,3,3,4,52,4,454,3,914767.51,Failed
84028,40,125,1,3,4,15,2,342,3,266481.36,Completed
29968,92,189,1,103,3,35,1,218,2,683121.22,Completed
71635,71,578,3,78,3,4,1,343,2,91946.79,Cancelled
74760,53,1075,4,94,2,45,3,147,1,638242.46,Failed
49280,15,982,5,38,3,27,7,301,4,152437.26,Cancelled
28725,73,869,2,77,2,70,5,175,2,104808.27,Completed
4917,7,664,3,36,3,99,3,395,4,576935.66,Cancelled
97844,84,917,2,73,1,69,7,139,5,742055.68,Pending
73743,60,406,4,50,3,1,5,351,2,901900.14,Cancelled
33112,100,108,2,38,1,9,6,327,1,212785.91,Completed
52289,46,559,5,27,4,10,6,445,3,165649.32,Completed
36479,4,76,4,116,2,26,3,21,1,168027.98,Pending
54017,90,188,4,39,3,25,3,207,5,650331.82,Cancelled
82413,18,913,5,31,2,78,5,323,4,391544.41,Failed
60934,94,194,3,114,3,71,2,96,5,409939.86,Failed
74634,97,699,2,26,3,11,1,31,4,677181.87,Pending
